"timestamp","scenario","run","service","sample_index","cpu_percent","memory"
"2026-09-05T22:21:45.3699958+09:00","db-only","1","app","0","0.41","342.5MiB / 512MiB"
"2026-09-05T22:21:46.3699958+09:00","db-only","1","app","1","48.29","343.9MiB / 512MiB"
"2026-09-05T22:21:47.3699958+09:00","db-only","1","app","2","72.77","344.6MiB / 512MiB"
"2026-09-05T22:21:48.3699958+09:00","db-only","1","app","3","67.55","345.4MiB / 512MiB"
"2026-09-05T22:21:49.3699958+09:00","db-only","1","app","4","64.76","346.8MiB / 512MiB"
"2026-09-05T22:21:50.3699958+09:00","db-only","1","app","5","58.79","348.3MiB / 512MiB"
"2026-09-05T22:21:51.3699958+09:00","db-only","1","app","6","74.13","351MiB / 512MiB"
"2026-09-05T22:21:52.3699958+09:00","db-only","1","app","7","46.33","351.7MiB / 512MiB"
"2026-09-05T22:21:53.3699958+09:00","db-only","1","app","8","45.35","351.8MiB / 512MiB"
"2026-09-05T22:21:54.3699958+09:00","db-only","1","app","9","31.91","351.6MiB / 512MiB"
"2026-09-05T22:21:55.3699958+09:00","db-only","1","app","10","30.37","351.9MiB / 512MiB"
"2026-09-05T22:21:56.3699958+09:00","db-only","1","app","11","37.15","356.3MiB / 512MiB"
"2026-09-05T22:21:57.3699958+09:00","db-only","1","app","12","50.16","356.3MiB / 512MiB"
"2026-09-05T22:21:58.3699958+09:00","db-only","1","app","13","36.57","356.3MiB / 512MiB"
"2026-09-05T22:21:59.3699958+09:00","db-only","1","app","14","31.64","356.1MiB / 512MiB"
"2026-09-05T22:22:00.3699958+09:00","db-only","1","app","15","32.71","356.6MiB / 512MiB"
"2026-09-05T22:22:01.3699958+09:00","db-only","1","app","16","31.6","356.3MiB / 512MiB"
"2026-09-05T22:22:02.3699958+09:00","db-only","1","app","17","30.47","356.4MiB / 512MiB"
"2026-09-05T22:22:03.3699958+09:00","db-only","1","app","18","40.49","356.2MiB / 512MiB"
"2026-09-05T22:22:04.3699958+09:00","db-only","1","app","19","50.05","356.4MiB / 512MiB"
"2026-09-05T22:22:05.3699958+09:00","db-only","1","app","20","35.75","356.6MiB / 512MiB"
"2026-09-05T22:22:06.3699958+09:00","db-only","1","app","21","27.49","356.8MiB / 512MiB"
"2026-09-05T22:22:07.3699958+09:00","db-only","1","app","22","30","356.7MiB / 512MiB"
"2026-09-05T22:22:08.3699958+09:00","db-only","1","app","23","60.49","356.4MiB / 512MiB"
"2026-09-05T22:22:09.3699958+09:00","db-only","1","app","24","96.24","373.9MiB / 512MiB"
"2026-09-05T22:22:10.3699958+09:00","db-only","1","app","25","96","380.1MiB / 512MiB"
"2026-09-05T22:22:11.3699958+09:00","db-only","1","app","26","90.77","381.1MiB / 512MiB"
"2026-09-05T22:22:12.3699958+09:00","db-only","1","app","27","81.05","380.9MiB / 512MiB"
"2026-09-05T22:22:13.3699958+09:00","db-only","1","app","28","66.01","375.3MiB / 512MiB"
"2026-09-05T22:22:14.3699958+09:00","db-only","1","app","29","51.88","375.1MiB / 512MiB"
"2026-09-05T22:22:15.3699958+09:00","db-only","1","app","30","28.73","375.3MiB / 512MiB"
"2026-09-05T22:22:16.3699958+09:00","db-only","1","app","31","31.04","375.6MiB / 512MiB"
"2026-09-05T22:22:17.3699958+09:00","db-only","1","app","32","31.08","375.4MiB / 512MiB"
"2026-09-05T22:22:18.3699958+09:00","db-only","1","app","33","36.11","367.6MiB / 512MiB"
"2026-09-05T22:22:19.3699958+09:00","db-only","1","app","34","29.2","367.5MiB / 512MiB"
"2026-09-05T22:22:20.3699958+09:00","db-only","1","app","35","26.12","367.6MiB / 512MiB"
"2026-09-05T22:22:21.3699958+09:00","db-only","1","app","36","29.34","367.3MiB / 512MiB"
"2026-09-05T22:22:22.3699958+09:00","db-only","1","app","37","29.34","367.3MiB / 512MiB"
"2026-09-05T22:22:23.3699958+09:00","db-only","1","app","38","32.53","367.3MiB / 512MiB"
"2026-09-05T22:22:24.3699958+09:00","db-only","1","app","39","55.02","367.6MiB / 512MiB"
"2026-09-05T22:22:25.3699958+09:00","db-only","1","app","40","47.13","367.6MiB / 512MiB"
"2026-09-05T22:22:26.3699958+09:00","db-only","1","app","41","50.6","367.5MiB / 512MiB"
"2026-09-05T22:22:27.3699958+09:00","db-only","1","app","42","40.83","367.8MiB / 512MiB"
"2026-09-05T22:22:28.3699958+09:00","db-only","1","app","43","56.44","367.8MiB / 512MiB"
"2026-09-05T22:22:29.3699958+09:00","db-only","1","app","44","96.36","368MiB / 512MiB"
"2026-09-05T22:22:30.3699958+09:00","db-only","1","app","45","96.53","368.3MiB / 512MiB"
"2026-09-05T22:22:31.3699958+09:00","db-only","1","app","46","91.47","368.7MiB / 512MiB"
"2026-09-05T22:22:32.3699958+09:00","db-only","1","app","47","54.26","368.4MiB / 512MiB"
"2026-09-05T22:22:33.3699958+09:00","db-only","1","app","48","28.35","368.6MiB / 512MiB"
"2026-09-05T22:22:34.3699958+09:00","db-only","1","app","49","35.69","368.9MiB / 512MiB"
"2026-09-05T22:22:35.3699958+09:00","db-only","1","app","50","24.5","368.8MiB / 512MiB"
"2026-09-05T22:22:36.3699958+09:00","db-only","1","app","51","31.16","368.6MiB / 512MiB"
"2026-09-05T22:22:37.3699958+09:00","db-only","1","app","52","47.63","368.8MiB / 512MiB"
"2026-09-05T22:22:38.3699958+09:00","db-only","1","app","53","35.36","368.7MiB / 512MiB"
"2026-09-05T22:22:39.3699958+09:00","db-only","1","app","54","97.37","368.3MiB / 512MiB"
"2026-09-05T22:22:40.3699958+09:00","db-only","1","app","55","94.75","369MiB / 512MiB"
"2026-09-05T22:22:41.3699958+09:00","db-only","1","app","56","88.17","369.2MiB / 512MiB"
"2026-09-05T22:22:42.3699958+09:00","db-only","1","app","57","27.5","369.2MiB / 512MiB"
"2026-09-05T22:22:43.3699958+09:00","db-only","1","app","58","28.24","369.4MiB / 512MiB"
"2026-09-05T22:22:44.3699958+09:00","db-only","1","app","59","22.63","369.4MiB / 512MiB"
"2026-09-05T22:22:45.3699958+09:00","db-only","1","app","60","29.95","369.3MiB / 512MiB"
"2026-09-05T22:22:46.3699958+09:00","db-only","1","app","61","33.5","369.3MiB / 512MiB"
"2026-09-05T22:22:47.3699958+09:00","db-only","1","app","62","29.51","369.2MiB / 512MiB"
"2026-09-05T22:22:48.3699958+09:00","db-only","1","app","63","82.77","369.2MiB / 512MiB"
"2026-09-05T22:22:49.3699958+09:00","db-only","1","app","64","97.01","369.6MiB / 512MiB"
"2026-09-05T22:22:50.3699958+09:00","db-only","1","app","65","98.59","369.8MiB / 512MiB"
"2026-09-05T22:22:51.3699958+09:00","db-only","1","app","66","33.99","369.8MiB / 512MiB"
"2026-09-05T22:22:52.3699958+09:00","db-only","1","app","67","30.35","369.7MiB / 512MiB"
"2026-09-05T22:22:53.3699958+09:00","db-only","1","app","68","26.91","369.6MiB / 512MiB"
"2026-09-05T22:22:54.3699958+09:00","db-only","1","app","69","26.59","369.6MiB / 512MiB"
"2026-09-05T22:22:55.3699958+09:00","db-only","1","app","70","26.59","369.6MiB / 512MiB"
"2026-09-05T22:22:56.3699958+09:00","db-only","1","app","71","24.26","369.6MiB / 512MiB"
"2026-09-05T22:22:57.3699958+09:00","db-only","1","app","72","22.82","369.8MiB / 512MiB"
"2026-09-05T22:22:58.3699958+09:00","db-only","1","app","73","22.6","370MiB / 512MiB"
"2026-09-05T22:22:59.3699958+09:00","db-only","1","app","74","77.88","370.2MiB / 512MiB"
"2026-09-05T22:23:00.3699958+09:00","db-only","1","app","75","79.05","370.5MiB / 512MiB"
"2026-09-05T22:23:01.3699958+09:00","db-only","1","app","76","85.53","370.5MiB / 512MiB"
"2026-09-05T22:23:02.3699958+09:00","db-only","1","app","77","22.51","370.2MiB / 512MiB"
"2026-09-05T22:23:03.3699958+09:00","db-only","1","app","78","20.82","370.5MiB / 512MiB"
"2026-09-05T22:23:04.3699958+09:00","db-only","1","app","79","26.21","370.4MiB / 512MiB"
"2026-09-05T22:23:05.3699958+09:00","db-only","1","app","80","26.8","370.3MiB / 512MiB"
"2026-09-05T22:23:06.3699958+09:00","db-only","1","app","81","26.23","370.2MiB / 512MiB"
"2026-09-05T22:23:07.3699958+09:00","db-only","1","app","82","26.55","370.2MiB / 512MiB"
"2026-09-05T22:23:08.3699958+09:00","db-only","1","app","83","20.56","370.1MiB / 512MiB"
"2026-09-05T22:23:09.3699958+09:00","db-only","1","app","84","30.35","370.1MiB / 512MiB"
"2026-09-05T22:23:10.3699958+09:00","db-only","1","app","85","36.63","370.2MiB / 512MiB"
"2026-09-05T22:23:11.3699958+09:00","db-only","1","app","86","41.26","370.4MiB / 512MiB"
"2026-09-05T22:23:12.3699958+09:00","db-only","1","app","87","26.1","370.6MiB / 512MiB"
"2026-09-05T22:23:13.3699958+09:00","db-only","1","app","88","18.61","370.8MiB / 512MiB"
"2026-09-05T22:23:14.3699958+09:00","db-only","1","app","89","25.37","370.6MiB / 512MiB"
"2026-09-05T22:23:15.3699958+09:00","db-only","1","app","90","25.4","370.3MiB / 512MiB"
"2026-09-05T22:23:16.3699958+09:00","db-only","1","app","91","22.69","370.5MiB / 512MiB"
"2026-09-05T22:23:17.3699958+09:00","db-only","1","app","92","20.32","370.4MiB / 512MiB"
"2026-09-05T22:23:18.3699958+09:00","db-only","1","app","93","26.11","370.6MiB / 512MiB"
"2026-09-05T22:23:19.3699958+09:00","db-only","1","app","94","25.65","370.7MiB / 512MiB"
"2026-09-05T22:23:20.3699958+09:00","db-only","1","app","95","30.46","371MiB / 512MiB"
"2026-09-05T22:23:21.3699958+09:00","db-only","1","app","96","20.4","370.7MiB / 512MiB"
"2026-09-05T22:23:22.3699958+09:00","db-only","1","app","97","18.6","370.7MiB / 512MiB"
"2026-09-05T22:23:23.3699958+09:00","db-only","1","app","98","22.56","370.7MiB / 512MiB"
"2026-09-05T22:23:24.3699958+09:00","db-only","1","app","99","30.17","370.7MiB / 512MiB"
"2026-09-05T22:23:25.3699958+09:00","db-only","1","app","100","25.12","370.8MiB / 512MiB"
"2026-09-05T22:23:26.3699958+09:00","db-only","1","app","101","25.43","370.7MiB / 512MiB"
"2026-09-05T22:23:27.3699958+09:00","db-only","1","app","102","22.25","370.7MiB / 512MiB"
"2026-09-05T22:23:28.3699958+09:00","db-only","1","app","103","21.58","370.7MiB / 512MiB"
"2026-09-05T22:23:29.3699958+09:00","db-only","1","app","104","19.79","370.7MiB / 512MiB"
"2026-09-05T22:23:30.3699958+09:00","db-only","1","app","105","18.59","370.4MiB / 512MiB"
"2026-09-05T22:23:31.3699958+09:00","db-only","1","app","106","19.14","370.6MiB / 512MiB"
"2026-09-05T22:23:32.3699958+09:00","db-only","1","app","107","17.39","370.5MiB / 512MiB"
"2026-09-05T22:23:33.3699958+09:00","db-only","1","app","108","19.56","370.5MiB / 512MiB"
"2026-09-05T22:23:34.3699958+09:00","db-only","1","app","109","19.34","370.5MiB / 512MiB"
"2026-09-05T22:23:35.3699958+09:00","db-only","1","app","110","21.61","370.6MiB / 512MiB"
"2026-09-05T22:23:36.3699958+09:00","db-only","1","app","111","20.57","370.8MiB / 512MiB"
"2026-09-05T22:23:37.3699958+09:00","db-only","1","app","112","18.3","370.8MiB / 512MiB"
"2026-09-05T22:23:38.3699958+09:00","db-only","1","app","113","18.2","370.5MiB / 512MiB"
"2026-09-05T22:23:39.3699958+09:00","db-only","1","app","114","18.51","370.5MiB / 512MiB"
"2026-09-05T22:23:40.3699958+09:00","db-only","1","app","115","16.83","370.4MiB / 512MiB"
"2026-09-05T22:23:41.3699958+09:00","db-only","1","app","116","19.5","370.6MiB / 512MiB"
"2026-09-05T22:23:42.3699958+09:00","db-only","1","app","117","18.46","370.4MiB / 512MiB"
"2026-09-05T22:23:43.3699958+09:00","db-only","1","app","118","18.5","370.7MiB / 512MiB"
"2026-09-05T22:23:44.3699958+09:00","db-only","1","app","119","18.63","370.6MiB / 512MiB"
"2026-09-05T22:21:45.3699958+09:00","db-only","1","mysql","0","1.11","462.4MiB / 1GiB"
"2026-09-05T22:21:46.3699958+09:00","db-only","1","mysql","1","6.86","463.1MiB / 1GiB"
"2026-09-05T22:21:47.3699958+09:00","db-only","1","mysql","2","10.79","462.8MiB / 1GiB"
"2026-09-05T22:21:48.3699958+09:00","db-only","1","mysql","3","10.37","462.8MiB / 1GiB"
"2026-09-05T22:21:49.3699958+09:00","db-only","1","mysql","4","12.21","463.2MiB / 1GiB"
"2026-09-05T22:21:50.3699958+09:00","db-only","1","mysql","5","13.79","463.1MiB / 1GiB"
"2026-09-05T22:21:51.3699958+09:00","db-only","1","mysql","6","11.3","463.4MiB / 1GiB"
"2026-09-05T22:21:52.3699958+09:00","db-only","1","mysql","7","11.27","463.2MiB / 1GiB"
"2026-09-05T22:21:53.3699958+09:00","db-only","1","mysql","8","14.89","463.1MiB / 1GiB"
"2026-09-05T22:21:54.3699958+09:00","db-only","1","mysql","9","11.76","463.4MiB / 1GiB"
"2026-09-05T22:21:55.3699958+09:00","db-only","1","mysql","10","13.55","463MiB / 1GiB"
"2026-09-05T22:21:56.3699958+09:00","db-only","1","mysql","11","11.71","463.4MiB / 1GiB"
"2026-09-05T22:21:57.3699958+09:00","db-only","1","mysql","12","13.64","463.1MiB / 1GiB"
"2026-09-05T22:21:58.3699958+09:00","db-only","1","mysql","13","13.45","463.1MiB / 1GiB"
"2026-09-05T22:21:59.3699958+09:00","db-only","1","mysql","14","12.08","463MiB / 1GiB"
"2026-09-05T22:22:00.3699958+09:00","db-only","1","mysql","15","16.74","463.3MiB / 1GiB"
"2026-09-05T22:22:01.3699958+09:00","db-only","1","mysql","16","12.99","463.3MiB / 1GiB"
"2026-09-05T22:22:02.3699958+09:00","db-only","1","mysql","17","12.51","463.3MiB / 1GiB"
"2026-09-05T22:22:03.3699958+09:00","db-only","1","mysql","18","12.4","463.2MiB / 1GiB"
"2026-09-05T22:22:04.3699958+09:00","db-only","1","mysql","19","11.65","463.2MiB / 1GiB"
"2026-09-05T22:22:05.3699958+09:00","db-only","1","mysql","20","13.54","463.4MiB / 1GiB"
"2026-09-05T22:22:06.3699958+09:00","db-only","1","mysql","21","11.71","463.1MiB / 1GiB"
"2026-09-05T22:22:07.3699958+09:00","db-only","1","mysql","22","11.78","463.1MiB / 1GiB"
"2026-09-05T22:22:08.3699958+09:00","db-only","1","mysql","23","12.82","463.3MiB / 1GiB"
"2026-09-05T22:22:09.3699958+09:00","db-only","1","mysql","24","17.95","463.3MiB / 1GiB"
"2026-09-05T22:22:10.3699958+09:00","db-only","1","mysql","25","17.58","463.1MiB / 1GiB"
"2026-09-05T22:22:11.3699958+09:00","db-only","1","mysql","26","13.53","463.1MiB / 1GiB"
"2026-09-05T22:22:12.3699958+09:00","db-only","1","mysql","27","14.57","463.2MiB / 1GiB"
"2026-09-05T22:22:13.3699958+09:00","db-only","1","mysql","28","12.27","463.2MiB / 1GiB"
"2026-09-05T22:22:14.3699958+09:00","db-only","1","mysql","29","12.42","463.2MiB / 1GiB"
"2026-09-05T22:22:15.3699958+09:00","db-only","1","mysql","30","15.92","462.7MiB / 1GiB"
"2026-09-05T22:22:16.3699958+09:00","db-only","1","mysql","31","13.33","462.7MiB / 1GiB"
"2026-09-05T22:22:17.3699958+09:00","db-only","1","mysql","32","12.71","463.1MiB / 1GiB"
"2026-09-05T22:22:18.3699958+09:00","db-only","1","mysql","33","12.19","463.6MiB / 1GiB"
"2026-09-05T22:22:19.3699958+09:00","db-only","1","mysql","34","11.35","463.3MiB / 1GiB"
"2026-09-05T22:22:20.3699958+09:00","db-only","1","mysql","35","14.23","463.4MiB / 1GiB"
"2026-09-05T22:22:21.3699958+09:00","db-only","1","mysql","36","11.9","463.1MiB / 1GiB"
"2026-09-05T22:22:22.3699958+09:00","db-only","1","mysql","37","11.66","463.6MiB / 1GiB"
"2026-09-05T22:22:23.3699958+09:00","db-only","1","mysql","38","11.66","463.6MiB / 1GiB"
"2026-09-05T22:22:24.3699958+09:00","db-only","1","mysql","39","13.5","463.6MiB / 1GiB"
"2026-09-05T22:22:25.3699958+09:00","db-only","1","mysql","40","13.57","462.8MiB / 1GiB"
"2026-09-05T22:22:26.3699958+09:00","db-only","1","mysql","41","13.77","463.3MiB / 1GiB"
"2026-09-05T22:22:27.3699958+09:00","db-only","1","mysql","42","12.47","463MiB / 1GiB"
"2026-09-05T22:22:28.3699958+09:00","db-only","1","mysql","43","11.02","463.3MiB / 1GiB"
"2026-09-05T22:22:29.3699958+09:00","db-only","1","mysql","44","12.62","463MiB / 1GiB"
"2026-09-05T22:22:30.3699958+09:00","db-only","1","mysql","45","12.49","463.3MiB / 1GiB"
"2026-09-05T22:22:31.3699958+09:00","db-only","1","mysql","46","22.65","463.2MiB / 1GiB"
"2026-09-05T22:22:32.3699958+09:00","db-only","1","mysql","47","12.43","463.2MiB / 1GiB"
"2026-09-05T22:22:33.3699958+09:00","db-only","1","mysql","48","12.32","463.4MiB / 1GiB"
"2026-09-05T22:22:34.3699958+09:00","db-only","1","mysql","49","11.19","463.4MiB / 1GiB"
"2026-09-05T22:22:35.3699958+09:00","db-only","1","mysql","50","11.26","463.1MiB / 1GiB"
"2026-09-05T22:22:36.3699958+09:00","db-only","1","mysql","51","21.27","463.3MiB / 1GiB"
"2026-09-05T22:22:37.3699958+09:00","db-only","1","mysql","52","14.5","463.3MiB / 1GiB"
"2026-09-05T22:22:38.3699958+09:00","db-only","1","mysql","53","12.2","463.3MiB / 1GiB"
"2026-09-05T22:22:39.3699958+09:00","db-only","1","mysql","54","13.71","462.9MiB / 1GiB"
"2026-09-05T22:22:40.3699958+09:00","db-only","1","mysql","55","11.63","463.2MiB / 1GiB"
"2026-09-05T22:22:41.3699958+09:00","db-only","1","mysql","56","19.9","463.2MiB / 1GiB"
"2026-09-05T22:22:42.3699958+09:00","db-only","1","mysql","57","11.28","463.2MiB / 1GiB"
"2026-09-05T22:22:43.3699958+09:00","db-only","1","mysql","58","10.73","463MiB / 1GiB"
"2026-09-05T22:22:44.3699958+09:00","db-only","1","mysql","59","11.13","463MiB / 1GiB"
"2026-09-05T22:22:45.3699958+09:00","db-only","1","mysql","60","20.15","463.2MiB / 1GiB"
"2026-09-05T22:22:46.3699958+09:00","db-only","1","mysql","61","16.16","463.2MiB / 1GiB"
"2026-09-05T22:22:47.3699958+09:00","db-only","1","mysql","62","14.43","463.2MiB / 1GiB"
"2026-09-05T22:22:48.3699958+09:00","db-only","1","mysql","63","16.98","463.2MiB / 1GiB"
"2026-09-05T22:22:49.3699958+09:00","db-only","1","mysql","64","13.05","463.3MiB / 1GiB"
"2026-09-05T22:22:50.3699958+09:00","db-only","1","mysql","65","25.91","463.2MiB / 1GiB"
"2026-09-05T22:22:51.3699958+09:00","db-only","1","mysql","66","11.92","463.2MiB / 1GiB"
"2026-09-05T22:22:52.3699958+09:00","db-only","1","mysql","67","16.95","463.2MiB / 1GiB"
"2026-09-05T22:22:53.3699958+09:00","db-only","1","mysql","68","13.44","463.3MiB / 1GiB"
"2026-09-05T22:22:54.3699958+09:00","db-only","1","mysql","69","13.44","463.3MiB / 1GiB"
"2026-09-05T22:22:55.3699958+09:00","db-only","1","mysql","70","11.82","463.4MiB / 1GiB"
"2026-09-05T22:22:56.3699958+09:00","db-only","1","mysql","71","15.64","463.5MiB / 1GiB"
"2026-09-05T22:22:57.3699958+09:00","db-only","1","mysql","72","12.3","463.5MiB / 1GiB"
"2026-09-05T22:22:58.3699958+09:00","db-only","1","mysql","73","12.04","463.2MiB / 1GiB"
"2026-09-05T22:22:59.3699958+09:00","db-only","1","mysql","74","13.51","463.4MiB / 1GiB"
"2026-09-05T22:23:00.3699958+09:00","db-only","1","mysql","75","11.63","463.2MiB / 1GiB"
"2026-09-05T22:23:01.3699958+09:00","db-only","1","mysql","76","15.62","463.3MiB / 1GiB"
"2026-09-05T22:23:02.3699958+09:00","db-only","1","mysql","77","12.45","463.1MiB / 1GiB"
"2026-09-05T22:23:03.3699958+09:00","db-only","1","mysql","78","12.3","463MiB / 1GiB"
"2026-09-05T22:23:04.3699958+09:00","db-only","1","mysql","79","15.87","463MiB / 1GiB"
"2026-09-05T22:23:05.3699958+09:00","db-only","1","mysql","80","16.23","463MiB / 1GiB"
"2026-09-05T22:23:06.3699958+09:00","db-only","1","mysql","81","21.89","463.4MiB / 1GiB"
"2026-09-05T22:23:07.3699958+09:00","db-only","1","mysql","82","14.36","463.4MiB / 1GiB"
"2026-09-05T22:23:08.3699958+09:00","db-only","1","mysql","83","11.99","463.3MiB / 1GiB"
"2026-09-05T22:23:09.3699958+09:00","db-only","1","mysql","84","15.31","463.2MiB / 1GiB"
"2026-09-05T22:23:10.3699958+09:00","db-only","1","mysql","85","12.82","463.2MiB / 1GiB"
"2026-09-05T22:23:11.3699958+09:00","db-only","1","mysql","86","18.97","462.8MiB / 1GiB"
"2026-09-05T22:23:12.3699958+09:00","db-only","1","mysql","87","12.01","463.2MiB / 1GiB"
"2026-09-05T22:23:13.3699958+09:00","db-only","1","mysql","88","11.14","462.9MiB / 1GiB"
"2026-09-05T22:23:14.3699958+09:00","db-only","1","mysql","89","15.05","463.2MiB / 1GiB"
"2026-09-05T22:23:15.3699958+09:00","db-only","1","mysql","90","15.32","463.2MiB / 1GiB"
"2026-09-05T22:23:16.3699958+09:00","db-only","1","mysql","91","16.65","462.8MiB / 1GiB"
"2026-09-05T22:23:17.3699958+09:00","db-only","1","mysql","92","12.84","463.4MiB / 1GiB"
"2026-09-05T22:23:18.3699958+09:00","db-only","1","mysql","93","17.4","462.9MiB / 1GiB"
"2026-09-05T22:23:19.3699958+09:00","db-only","1","mysql","94","15.98","463.4MiB / 1GiB"
"2026-09-05T22:23:20.3699958+09:00","db-only","1","mysql","95","12.11","463.5MiB / 1GiB"
"2026-09-05T22:23:21.3699958+09:00","db-only","1","mysql","96","16.93","463.2MiB / 1GiB"
"2026-09-05T22:23:22.3699958+09:00","db-only","1","mysql","97","11.41","463.1MiB / 1GiB"
"2026-09-05T22:23:23.3699958+09:00","db-only","1","mysql","98","13.75","463MiB / 1GiB"
"2026-09-05T22:23:24.3699958+09:00","db-only","1","mysql","99","19.17","463.5MiB / 1GiB"
"2026-09-05T22:23:25.3699958+09:00","db-only","1","mysql","100","15.84","463.2MiB / 1GiB"
"2026-09-05T22:23:26.3699958+09:00","db-only","1","mysql","101","19.03","463.3MiB / 1GiB"
"2026-09-05T22:23:27.3699958+09:00","db-only","1","mysql","102","13.16","462.7MiB / 1GiB"
"2026-09-05T22:23:28.3699958+09:00","db-only","1","mysql","103","12.99","463.2MiB / 1GiB"
"2026-09-05T22:23:29.3699958+09:00","db-only","1","mysql","104","12.11","463.1MiB / 1GiB"
"2026-09-05T22:23:30.3699958+09:00","db-only","1","mysql","105","11.52","462.6MiB / 1GiB"
"2026-09-05T22:23:31.3699958+09:00","db-only","1","mysql","106","15.07","462.8MiB / 1GiB"
"2026-09-05T22:23:32.3699958+09:00","db-only","1","mysql","107","11.3","463MiB / 1GiB"
"2026-09-05T22:23:33.3699958+09:00","db-only","1","mysql","108","12.43","462.8MiB / 1GiB"
"2026-09-05T22:23:34.3699958+09:00","db-only","1","mysql","109","13.15","462.8MiB / 1GiB"
"2026-09-05T22:23:35.3699958+09:00","db-only","1","mysql","110","12.73","463MiB / 1GiB"
"2026-09-05T22:23:36.3699958+09:00","db-only","1","mysql","111","16.18","463.2MiB / 1GiB"
"2026-09-05T22:23:37.3699958+09:00","db-only","1","mysql","112","11.83","462.7MiB / 1GiB"
"2026-09-05T22:23:38.3699958+09:00","db-only","1","mysql","113","11.93","463MiB / 1GiB"
"2026-09-05T22:23:39.3699958+09:00","db-only","1","mysql","114","11.58","463.2MiB / 1GiB"
"2026-09-05T22:23:40.3699958+09:00","db-only","1","mysql","115","11.2","463.2MiB / 1GiB"
"2026-09-05T22:23:41.3699958+09:00","db-only","1","mysql","116","16.4","463.5MiB / 1GiB"
"2026-09-05T22:23:42.3699958+09:00","db-only","1","mysql","117","11.97","463.2MiB / 1GiB"
"2026-09-05T22:23:43.3699958+09:00","db-only","1","mysql","118","12.39","463.1MiB / 1GiB"
"2026-09-05T22:23:44.3699958+09:00","db-only","1","mysql","119","12.32","463.1MiB / 1GiB"
"2026-09-05T22:21:45.3699958+09:00","db-only","1","redis","0","0.05","6.312MiB / 256MiB"
"2026-09-05T22:21:46.3699958+09:00","db-only","1","redis","1","0.53","6.562MiB / 256MiB"
"2026-09-05T22:21:47.3699958+09:00","db-only","1","redis","2","0.57","6.812MiB / 256MiB"
"2026-09-05T22:21:48.3699958+09:00","db-only","1","redis","3","0.45","6.805MiB / 256MiB"
"2026-09-05T22:21:49.3699958+09:00","db-only","1","redis","4","1.51","6.43MiB / 256MiB"
"2026-09-05T22:21:50.3699958+09:00","db-only","1","redis","5","0.48","6.676MiB / 256MiB"
"2026-09-05T22:21:51.3699958+09:00","db-only","1","redis","6","0.48","6.652MiB / 256MiB"
"2026-09-05T22:21:52.3699958+09:00","db-only","1","redis","7","0.55","6.898MiB / 256MiB"
"2026-09-05T22:21:53.3699958+09:00","db-only","1","redis","8","0.75","6.684MiB / 256MiB"
"2026-09-05T22:21:54.3699958+09:00","db-only","1","redis","9","1.09","6.551MiB / 256MiB"
"2026-09-05T22:21:55.3699958+09:00","db-only","1","redis","10","0.5","6.191MiB / 256MiB"
"2026-09-05T22:21:56.3699958+09:00","db-only","1","redis","11","0.56","6.191MiB / 256MiB"
"2026-09-05T22:21:57.3699958+09:00","db-only","1","redis","12","0.62","6.426MiB / 256MiB"
"2026-09-05T22:21:58.3699958+09:00","db-only","1","redis","13","0.63","6.426MiB / 256MiB"
"2026-09-05T22:21:59.3699958+09:00","db-only","1","redis","14","1.25","6.691MiB / 256MiB"
"2026-09-05T22:22:00.3699958+09:00","db-only","1","redis","15","0.54","6.629MiB / 256MiB"
"2026-09-05T22:22:01.3699958+09:00","db-only","1","redis","16","0.57","6.629MiB / 256MiB"
"2026-09-05T22:22:02.3699958+09:00","db-only","1","redis","17","0.53","6.629MiB / 256MiB"
"2026-09-05T22:22:03.3699958+09:00","db-only","1","redis","18","0.69","6.875MiB / 256MiB"
"2026-09-05T22:22:04.3699958+09:00","db-only","1","redis","19","1.11","6.551MiB / 256MiB"
"2026-09-05T22:22:05.3699958+09:00","db-only","1","redis","20","0.56","6.84MiB / 256MiB"
"2026-09-05T22:22:06.3699958+09:00","db-only","1","redis","21","0.46","6.84MiB / 256MiB"
"2026-09-05T22:22:07.3699958+09:00","db-only","1","redis","22","0.48","6.598MiB / 256MiB"
"2026-09-05T22:22:08.3699958+09:00","db-only","1","redis","23","0.49","6.598MiB / 256MiB"
"2026-09-05T22:22:09.3699958+09:00","db-only","1","redis","24","1.6","6.527MiB / 256MiB"
"2026-09-05T22:22:10.3699958+09:00","db-only","1","redis","25","0.54","6.895MiB / 256MiB"
"2026-09-05T22:22:11.3699958+09:00","db-only","1","redis","26","0.74","6.707MiB / 256MiB"
"2026-09-05T22:22:12.3699958+09:00","db-only","1","redis","27","0.56","6.957MiB / 256MiB"
"2026-09-05T22:22:13.3699958+09:00","db-only","1","redis","28","0.66","6.945MiB / 256MiB"
"2026-09-05T22:22:14.3699958+09:00","db-only","1","redis","29","1.51","7.059MiB / 256MiB"
"2026-09-05T22:22:15.3699958+09:00","db-only","1","redis","30","0.55","7.055MiB / 256MiB"
"2026-09-05T22:22:16.3699958+09:00","db-only","1","redis","31","0.44","7.051MiB / 256MiB"
"2026-09-05T22:22:17.3699958+09:00","db-only","1","redis","32","0.54","7.047MiB / 256MiB"
"2026-09-05T22:22:18.3699958+09:00","db-only","1","redis","33","0.52","7.047MiB / 256MiB"
"2026-09-05T22:22:19.3699958+09:00","db-only","1","redis","34","1.2","6.824MiB / 256MiB"
"2026-09-05T22:22:20.3699958+09:00","db-only","1","redis","35","0.45","6.816MiB / 256MiB"
"2026-09-05T22:22:21.3699958+09:00","db-only","1","redis","36","0.53","6.57MiB / 256MiB"
"2026-09-05T22:22:22.3699958+09:00","db-only","1","redis","37","0.49","6.809MiB / 256MiB"
"2026-09-05T22:22:23.3699958+09:00","db-only","1","redis","38","0.49","6.809MiB / 256MiB"
"2026-09-05T22:22:24.3699958+09:00","db-only","1","redis","39","0.46","6.801MiB / 256MiB"
"2026-09-05T22:22:25.3699958+09:00","db-only","1","redis","40","1.21","6.953MiB / 256MiB"
"2026-09-05T22:22:26.3699958+09:00","db-only","1","redis","41","0.63","7.176MiB / 256MiB"
"2026-09-05T22:22:27.3699958+09:00","db-only","1","redis","42","0.51","7.176MiB / 256MiB"
"2026-09-05T22:22:28.3699958+09:00","db-only","1","redis","43","0.46","7.168MiB / 256MiB"
"2026-09-05T22:22:29.3699958+09:00","db-only","1","redis","44","0.6","7.168MiB / 256MiB"
"2026-09-05T22:22:30.3699958+09:00","db-only","1","redis","45","1.08","7.23MiB / 256MiB"
"2026-09-05T22:22:31.3699958+09:00","db-only","1","redis","46","0.83","7.109MiB / 256MiB"
"2026-09-05T22:22:32.3699958+09:00","db-only","1","redis","47","0.44","7.359MiB / 256MiB"
"2026-09-05T22:22:33.3699958+09:00","db-only","1","redis","48","0.82","6.934MiB / 256MiB"
"2026-09-05T22:22:34.3699958+09:00","db-only","1","redis","49","0.52","6.934MiB / 256MiB"
"2026-09-05T22:22:35.3699958+09:00","db-only","1","redis","50","1.03","6.891MiB / 256MiB"
"2026-09-05T22:22:36.3699958+09:00","db-only","1","redis","51","0.58","6.891MiB / 256MiB"
"2026-09-05T22:22:37.3699958+09:00","db-only","1","redis","52","0.62","6.957MiB / 256MiB"
"2026-09-05T22:22:38.3699958+09:00","db-only","1","redis","53","0.5","6.957MiB / 256MiB"
"2026-09-05T22:22:39.3699958+09:00","db-only","1","redis","54","0.63","6.77MiB / 256MiB"
"2026-09-05T22:22:40.3699958+09:00","db-only","1","redis","55","1.2","6.469MiB / 256MiB"
"2026-09-05T22:22:41.3699958+09:00","db-only","1","redis","56","0.53","6.254MiB / 256MiB"
"2026-09-05T22:22:42.3699958+09:00","db-only","1","redis","57","0.54","6.5MiB / 256MiB"
"2026-09-05T22:22:43.3699958+09:00","db-only","1","redis","58","0.48","6.5MiB / 256MiB"
"2026-09-05T22:22:44.3699958+09:00","db-only","1","redis","59","0.46","6.5MiB / 256MiB"
"2026-09-05T22:22:45.3699958+09:00","db-only","1","redis","60","0.69","6.445MiB / 256MiB"
"2026-09-05T22:22:46.3699958+09:00","db-only","1","redis","61","0.74","6.434MiB / 256MiB"
"2026-09-05T22:22:47.3699958+09:00","db-only","1","redis","62","0.64","6.434MiB / 256MiB"
"2026-09-05T22:22:48.3699958+09:00","db-only","1","redis","63","0.65","6.336MiB / 256MiB"
"2026-09-05T22:22:49.3699958+09:00","db-only","1","redis","64","1.17","6.719MiB / 256MiB"
"2026-09-05T22:22:50.3699958+09:00","db-only","1","redis","65","0.71","7.023MiB / 256MiB"
"2026-09-05T22:22:51.3699958+09:00","db-only","1","redis","66","0.58","7.023MiB / 256MiB"
"2026-09-05T22:22:52.3699958+09:00","db-only","1","redis","67","0.75","6.785MiB / 256MiB"
"2026-09-05T22:22:53.3699958+09:00","db-only","1","redis","68","0.63","6.785MiB / 256MiB"
"2026-09-05T22:22:54.3699958+09:00","db-only","1","redis","69","0.63","6.785MiB / 256MiB"
"2026-09-05T22:22:55.3699958+09:00","db-only","1","redis","70","1.16","6.914MiB / 256MiB"
"2026-09-05T22:22:56.3699958+09:00","db-only","1","redis","71","0.5","6.906MiB / 256MiB"
"2026-09-05T22:22:57.3699958+09:00","db-only","1","redis","72","0.47","6.906MiB / 256MiB"
"2026-09-05T22:22:58.3699958+09:00","db-only","1","redis","73","0.52","6.906MiB / 256MiB"
"2026-09-05T22:22:59.3699958+09:00","db-only","1","redis","74","0.85","6.527MiB / 256MiB"
"2026-09-05T22:23:00.3699958+09:00","db-only","1","redis","75","1.17","6.484MiB / 256MiB"
"2026-09-05T22:23:01.3699958+09:00","db-only","1","redis","76","0.59","6.484MiB / 256MiB"
"2026-09-05T22:23:02.3699958+09:00","db-only","1","redis","77","0.51","6.484MiB / 256MiB"
"2026-09-05T22:23:03.3699958+09:00","db-only","1","redis","78","0.53","6.48MiB / 256MiB"
"2026-09-05T22:23:04.3699958+09:00","db-only","1","redis","79","0.72","6.207MiB / 256MiB"
"2026-09-05T22:23:05.3699958+09:00","db-only","1","redis","80","1.5","6.371MiB / 256MiB"
"2026-09-05T22:23:06.3699958+09:00","db-only","1","redis","81","0.72","6.562MiB / 256MiB"
"2026-09-05T22:23:07.3699958+09:00","db-only","1","redis","82","0.62","6.562MiB / 256MiB"
"2026-09-05T22:23:08.3699958+09:00","db-only","1","redis","83","0.53","6.562MiB / 256MiB"
"2026-09-05T22:23:09.3699958+09:00","db-only","1","redis","84","0.72","6.074MiB / 256MiB"
"2026-09-05T22:23:10.3699958+09:00","db-only","1","redis","85","1.24","6.707MiB / 256MiB"
"2026-09-05T22:23:11.3699958+09:00","db-only","1","redis","86","0.62","6.949MiB / 256MiB"
"2026-09-05T22:23:12.3699958+09:00","db-only","1","redis","87","0.59","7.188MiB / 256MiB"
"2026-09-05T22:23:13.3699958+09:00","db-only","1","redis","88","0.55","7.188MiB / 256MiB"
"2026-09-05T22:23:14.3699958+09:00","db-only","1","redis","89","0.69","6.938MiB / 256MiB"
"2026-09-05T22:23:15.3699958+09:00","db-only","1","redis","90","1.43","6.816MiB / 256MiB"
"2026-09-05T22:23:16.3699958+09:00","db-only","1","redis","91","0.61","6.809MiB / 256MiB"
"2026-09-05T22:23:17.3699958+09:00","db-only","1","redis","92","0.72","6.809MiB / 256MiB"
"2026-09-05T22:23:18.3699958+09:00","db-only","1","redis","93","0.71","6.559MiB / 256MiB"
"2026-09-05T22:23:19.3699958+09:00","db-only","1","redis","94","0.58","6.938MiB / 256MiB"
"2026-09-05T22:23:20.3699958+09:00","db-only","1","redis","95","1.17","7.098MiB / 256MiB"
"2026-09-05T22:23:21.3699958+09:00","db-only","1","redis","96","0.54","7.254MiB / 256MiB"
"2026-09-05T22:23:22.3699958+09:00","db-only","1","redis","97","0.58","7.121MiB / 256MiB"
"2026-09-05T22:23:23.3699958+09:00","db-only","1","redis","98","0.56","7.121MiB / 256MiB"
"2026-09-05T22:23:24.3699958+09:00","db-only","1","redis","99","0.74","7.121MiB / 256MiB"
"2026-09-05T22:23:25.3699958+09:00","db-only","1","redis","100","2.61","6.996MiB / 256MiB"
"2026-09-05T22:23:26.3699958+09:00","db-only","1","redis","101","0.57","6.988MiB / 256MiB"
"2026-09-05T22:23:27.3699958+09:00","db-only","1","redis","102","0.66","6.98MiB / 256MiB"
"2026-09-05T22:23:28.3699958+09:00","db-only","1","redis","103","0.55","6.98MiB / 256MiB"
"2026-09-05T22:23:29.3699958+09:00","db-only","1","redis","104","0.44","6.73MiB / 256MiB"
"2026-09-05T22:23:30.3699958+09:00","db-only","1","redis","105","1.42","6.848MiB / 256MiB"
"2026-09-05T22:23:31.3699958+09:00","db-only","1","redis","106","0.57","6.836MiB / 256MiB"
"2026-09-05T22:23:32.3699958+09:00","db-only","1","redis","107","0.54","6.594MiB / 256MiB"
"2026-09-05T22:23:33.3699958+09:00","db-only","1","redis","108","0.48","6.344MiB / 256MiB"
"2026-09-05T22:23:34.3699958+09:00","db-only","1","redis","109","0.61","6.344MiB / 256MiB"
"2026-09-05T22:23:35.3699958+09:00","db-only","1","redis","110","1.28","6.266MiB / 256MiB"
"2026-09-05T22:23:36.3699958+09:00","db-only","1","redis","111","0.66","6.258MiB / 256MiB"
"2026-09-05T22:23:37.3699958+09:00","db-only","1","redis","112","0.53","6.242MiB / 256MiB"
"2026-09-05T22:23:38.3699958+09:00","db-only","1","redis","113","0.55","6.242MiB / 256MiB"
"2026-09-05T22:23:39.3699958+09:00","db-only","1","redis","114","0.55","5.992MiB / 256MiB"
"2026-09-05T22:23:40.3699958+09:00","db-only","1","redis","115","1.13","6.738MiB / 256MiB"
"2026-09-05T22:23:41.3699958+09:00","db-only","1","redis","116","0.58","6.445MiB / 256MiB"
"2026-09-05T22:23:42.3699958+09:00","db-only","1","redis","117","0.68","6.688MiB / 256MiB"
"2026-09-05T22:23:43.3699958+09:00","db-only","1","redis","118","0.49","6.438MiB / 256MiB"
"2026-09-05T22:23:44.3699958+09:00","db-only","1","redis","119","0.69","6.688MiB / 256MiB"
"2026-09-05T22:24:53.1544811+09:00","db-only","2","app","0","3.19","304.8MiB / 512MiB"
"2026-09-05T22:24:54.1544811+09:00","db-only","2","app","1","42.9","305.8MiB / 512MiB"
"2026-09-05T22:24:55.1544811+09:00","db-only","2","app","2","45.81","305.9MiB / 512MiB"
"2026-09-05T22:24:56.1544811+09:00","db-only","2","app","3","36.07","306.4MiB / 512MiB"
"2026-09-05T22:24:57.1544811+09:00","db-only","2","app","4","38.87","306.1MiB / 512MiB"
"2026-09-05T22:24:58.1544811+09:00","db-only","2","app","5","37.03","308.1MiB / 512MiB"
"2026-09-05T22:24:59.1544811+09:00","db-only","2","app","6","36.38","308.5MiB / 512MiB"
"2026-09-05T22:25:00.1544811+09:00","db-only","2","app","7","47.91","308.6MiB / 512MiB"
"2026-09-05T22:25:01.1544811+09:00","db-only","2","app","8","74.67","308.3MiB / 512MiB"
"2026-09-05T22:25:02.1544811+09:00","db-only","2","app","9","41.07","310.8MiB / 512MiB"
"2026-09-05T22:25:03.1544811+09:00","db-only","2","app","10","33.55","310.8MiB / 512MiB"
"2026-09-05T22:25:04.1544811+09:00","db-only","2","app","11","31.58","310.7MiB / 512MiB"
"2026-09-05T22:25:05.1544811+09:00","db-only","2","app","12","38.74","311.4MiB / 512MiB"
"2026-09-05T22:25:06.1544811+09:00","db-only","2","app","13","37.91","311MiB / 512MiB"
"2026-09-05T22:25:07.1544811+09:00","db-only","2","app","14","39.07","311.2MiB / 512MiB"
"2026-09-05T22:25:08.1544811+09:00","db-only","2","app","15","26.68","311.2MiB / 512MiB"
"2026-09-05T22:25:09.1544811+09:00","db-only","2","app","16","33.89","311.1MiB / 512MiB"
"2026-09-05T22:25:10.1544811+09:00","db-only","2","app","17","31.03","310.8MiB / 512MiB"
"2026-09-05T22:25:11.1544811+09:00","db-only","2","app","18","34.42","311.2MiB / 512MiB"
"2026-09-05T22:25:12.1544811+09:00","db-only","2","app","19","49.97","310.9MiB / 512MiB"
"2026-09-05T22:25:13.1544811+09:00","db-only","2","app","20","53.19","311.6MiB / 512MiB"
"2026-09-05T22:25:14.1544811+09:00","db-only","2","app","21","36.75","312.3MiB / 512MiB"
"2026-09-05T22:25:15.1544811+09:00","db-only","2","app","22","31.21","312.3MiB / 512MiB"
"2026-09-05T22:25:16.1544811+09:00","db-only","2","app","23","67.46","312.3MiB / 512MiB"
"2026-09-05T22:25:17.1544811+09:00","db-only","2","app","24","112.24","312.4MiB / 512MiB"
"2026-09-05T22:25:18.1544811+09:00","db-only","2","app","25","98.27","332.5MiB / 512MiB"
"2026-09-05T22:25:19.1544811+09:00","db-only","2","app","26","73.92","332.5MiB / 512MiB"
"2026-09-05T22:25:20.1544811+09:00","db-only","2","app","27","50.27","332.4MiB / 512MiB"
"2026-09-05T22:25:21.1544811+09:00","db-only","2","app","28","54.41","332.4MiB / 512MiB"
"2026-09-05T22:25:22.1544811+09:00","db-only","2","app","29","67.64","332.8MiB / 512MiB"
"2026-09-05T22:25:23.1544811+09:00","db-only","2","app","30","45.08","320.3MiB / 512MiB"
"2026-09-05T22:25:24.1544811+09:00","db-only","2","app","31","45.08","320.3MiB / 512MiB"
"2026-09-05T22:25:25.1544811+09:00","db-only","2","app","32","47.16","321MiB / 512MiB"
"2026-09-05T22:25:26.1544811+09:00","db-only","2","app","33","51.63","320.9MiB / 512MiB"
"2026-09-05T22:25:27.1544811+09:00","db-only","2","app","34","54.05","321.1MiB / 512MiB"
"2026-09-05T22:25:28.1544811+09:00","db-only","2","app","35","78.13","321MiB / 512MiB"
"2026-09-05T22:25:29.1544811+09:00","db-only","2","app","36","85.46","320.7MiB / 512MiB"
"2026-09-05T22:25:30.1544811+09:00","db-only","2","app","37","85.29","320.9MiB / 512MiB"
"2026-09-05T22:25:31.1544811+09:00","db-only","2","app","38","39.65","320.9MiB / 512MiB"
"2026-09-05T22:25:32.1544811+09:00","db-only","2","app","39","38.43","321.1MiB / 512MiB"
"2026-09-05T22:25:33.1544811+09:00","db-only","2","app","40","46.92","321.2MiB / 512MiB"
"2026-09-05T22:25:34.1544811+09:00","db-only","2","app","41","53.47","321.2MiB / 512MiB"
"2026-09-05T22:25:35.1544811+09:00","db-only","2","app","42","58.15","321.1MiB / 512MiB"
"2026-09-05T22:25:36.1544811+09:00","db-only","2","app","43","63.46","321.1MiB / 512MiB"
"2026-09-05T22:25:37.1544811+09:00","db-only","2","app","44","95.92","321.3MiB / 512MiB"
"2026-09-05T22:25:38.1544811+09:00","db-only","2","app","45","99.79","323.5MiB / 512MiB"
"2026-09-05T22:25:39.1544811+09:00","db-only","2","app","46","99.46","335.7MiB / 512MiB"
"2026-09-05T22:25:40.1544811+09:00","db-only","2","app","47","98.28","337.9MiB / 512MiB"
"2026-09-05T22:25:41.1544811+09:00","db-only","2","app","48","109.64","340.8MiB / 512MiB"
"2026-09-05T22:25:42.1544811+09:00","db-only","2","app","49","96.78","341MiB / 512MiB"
"2026-09-05T22:25:43.1544811+09:00","db-only","2","app","50","100.05","341MiB / 512MiB"
"2026-09-05T22:25:44.1544811+09:00","db-only","2","app","51","50.08","321.7MiB / 512MiB"
"2026-09-05T22:25:45.1544811+09:00","db-only","2","app","52","38.2","321.9MiB / 512MiB"
"2026-09-05T22:25:46.1544811+09:00","db-only","2","app","53","39.29","321.8MiB / 512MiB"
"2026-09-05T22:25:47.1544811+09:00","db-only","2","app","54","95.8","322.1MiB / 512MiB"
"2026-09-05T22:25:48.1544811+09:00","db-only","2","app","55","100.19","322.3MiB / 512MiB"
"2026-09-05T22:25:49.1544811+09:00","db-only","2","app","56","95.65","322.3MiB / 512MiB"
"2026-09-05T22:25:50.1544811+09:00","db-only","2","app","57","94.2","322.4MiB / 512MiB"
"2026-09-05T22:25:51.1544811+09:00","db-only","2","app","58","86.98","325.6MiB / 512MiB"
"2026-09-05T22:25:52.1544811+09:00","db-only","2","app","59","55.35","327.1MiB / 512MiB"
"2026-09-05T22:25:53.1544811+09:00","db-only","2","app","60","39.01","327MiB / 512MiB"
"2026-09-05T22:25:54.1544811+09:00","db-only","2","app","61","30.51","327.5MiB / 512MiB"
"2026-09-05T22:25:55.1544811+09:00","db-only","2","app","62","56.56","327.5MiB / 512MiB"
"2026-09-05T22:25:56.1544811+09:00","db-only","2","app","63","73.83","327.8MiB / 512MiB"
"2026-09-05T22:25:57.1544811+09:00","db-only","2","app","64","92.88","327.7MiB / 512MiB"
"2026-09-05T22:25:58.1544811+09:00","db-only","2","app","65","92.88","327.7MiB / 512MiB"
"2026-09-05T22:25:59.1544811+09:00","db-only","2","app","66","96.59","327.7MiB / 512MiB"
"2026-09-05T22:26:00.1544811+09:00","db-only","2","app","67","96.5","327.9MiB / 512MiB"
"2026-09-05T22:26:01.1544811+09:00","db-only","2","app","68","33.85","328MiB / 512MiB"
"2026-09-05T22:26:02.1544811+09:00","db-only","2","app","69","26.34","328MiB / 512MiB"
"2026-09-05T22:26:03.1544811+09:00","db-only","2","app","70","24.87","328.3MiB / 512MiB"
"2026-09-05T22:26:04.1544811+09:00","db-only","2","app","71","32.05","328.2MiB / 512MiB"
"2026-09-05T22:26:05.1544811+09:00","db-only","2","app","72","24.55","328.2MiB / 512MiB"
"2026-09-05T22:26:06.1544811+09:00","db-only","2","app","73","26.28","328.4MiB / 512MiB"
"2026-09-05T22:26:07.1544811+09:00","db-only","2","app","74","37.64","328.3MiB / 512MiB"
"2026-09-05T22:26:08.1544811+09:00","db-only","2","app","75","79.55","328.2MiB / 512MiB"
"2026-09-05T22:26:09.1544811+09:00","db-only","2","app","76","91.44","328.9MiB / 512MiB"
"2026-09-05T22:26:10.1544811+09:00","db-only","2","app","77","80.05","328.9MiB / 512MiB"
"2026-09-05T22:26:11.1544811+09:00","db-only","2","app","78","40.01","328.6MiB / 512MiB"
"2026-09-05T22:26:12.1544811+09:00","db-only","2","app","79","33.58","328.5MiB / 512MiB"
"2026-09-05T22:26:13.1544811+09:00","db-only","2","app","80","37.04","328.7MiB / 512MiB"
"2026-09-05T22:26:14.1544811+09:00","db-only","2","app","81","39.77","328.7MiB / 512MiB"
"2026-09-05T22:26:15.1544811+09:00","db-only","2","app","82","59.83","328.6MiB / 512MiB"
"2026-09-05T22:26:16.1544811+09:00","db-only","2","app","83","33.41","328.6MiB / 512MiB"
"2026-09-05T22:26:17.1544811+09:00","db-only","2","app","84","34.83","329.1MiB / 512MiB"
"2026-09-05T22:26:18.1544811+09:00","db-only","2","app","85","36.16","329MiB / 512MiB"
"2026-09-05T22:26:19.1544811+09:00","db-only","2","app","86","88.42","329.2MiB / 512MiB"
"2026-09-05T22:26:20.1544811+09:00","db-only","2","app","87","23.09","329.2MiB / 512MiB"
"2026-09-05T22:26:21.1544811+09:00","db-only","2","app","88","27.34","329.1MiB / 512MiB"
"2026-09-05T22:26:22.1544811+09:00","db-only","2","app","89","22.05","329MiB / 512MiB"
"2026-09-05T22:26:23.1544811+09:00","db-only","2","app","90","25.06","329MiB / 512MiB"
"2026-09-05T22:26:24.1544811+09:00","db-only","2","app","91","23.28","329MiB / 512MiB"
"2026-09-05T22:26:25.1544811+09:00","db-only","2","app","92","22.14","329MiB / 512MiB"
"2026-09-05T22:26:26.1544811+09:00","db-only","2","app","93","20.49","328.7MiB / 512MiB"
"2026-09-05T22:26:27.1544811+09:00","db-only","2","app","94","21.07","329MiB / 512MiB"
"2026-09-05T22:26:28.1544811+09:00","db-only","2","app","95","21.91","329.2MiB / 512MiB"
"2026-09-05T22:26:29.1544811+09:00","db-only","2","app","96","22.76","329.3MiB / 512MiB"
"2026-09-05T22:26:30.1544811+09:00","db-only","2","app","97","25.17","329.3MiB / 512MiB"
"2026-09-05T22:26:31.1544811+09:00","db-only","2","app","98","24.98","329.2MiB / 512MiB"
"2026-09-05T22:26:32.1544811+09:00","db-only","2","app","99","22.81","329.4MiB / 512MiB"
"2026-09-05T22:26:33.1544811+09:00","db-only","2","app","100","22.54","329.5MiB / 512MiB"
"2026-09-05T22:26:34.1544811+09:00","db-only","2","app","101","20.75","329.3MiB / 512MiB"
"2026-09-05T22:26:35.1544811+09:00","db-only","2","app","102","25.7","329.4MiB / 512MiB"
"2026-09-05T22:26:36.1544811+09:00","db-only","2","app","103","21.38","329.4MiB / 512MiB"
"2026-09-05T22:26:37.1544811+09:00","db-only","2","app","104","21.93","329.1MiB / 512MiB"
"2026-09-05T22:26:38.1544811+09:00","db-only","2","app","105","26.35","329.1MiB / 512MiB"
"2026-09-05T22:26:39.1544811+09:00","db-only","2","app","106","23.55","329.1MiB / 512MiB"
"2026-09-05T22:26:40.1544811+09:00","db-only","2","app","107","23.25","329MiB / 512MiB"
"2026-09-05T22:26:41.1544811+09:00","db-only","2","app","108","25.21","329.1MiB / 512MiB"
"2026-09-05T22:26:42.1544811+09:00","db-only","2","app","109","23.33","329.2MiB / 512MiB"
"2026-09-05T22:26:43.1544811+09:00","db-only","2","app","110","23.41","329.2MiB / 512MiB"
"2026-09-05T22:26:44.1544811+09:00","db-only","2","app","111","24.34","329.1MiB / 512MiB"
"2026-09-05T22:26:45.1544811+09:00","db-only","2","app","112","23.16","329.1MiB / 512MiB"
"2026-09-05T22:26:46.1544811+09:00","db-only","2","app","113","20.4","329MiB / 512MiB"
"2026-09-05T22:26:47.1544811+09:00","db-only","2","app","114","20.01","329MiB / 512MiB"
"2026-09-05T22:26:48.1544811+09:00","db-only","2","app","115","16.74","328.9MiB / 512MiB"
"2026-09-05T22:26:49.1544811+09:00","db-only","2","app","116","17.94","329.4MiB / 512MiB"
"2026-09-05T22:26:50.1544811+09:00","db-only","2","app","117","19.67","329.5MiB / 512MiB"
"2026-09-05T22:26:51.1544811+09:00","db-only","2","app","118","19.29","329.5MiB / 512MiB"
"2026-09-05T22:26:52.1544811+09:00","db-only","2","app","119","19.91","329.5MiB / 512MiB"
"2026-09-05T22:24:53.1544811+09:00","db-only","2","mysql","0","2.28","467.9MiB / 1GiB"
"2026-09-05T22:24:54.1544811+09:00","db-only","2","mysql","1","10.75","468.1MiB / 1GiB"
"2026-09-05T22:24:55.1544811+09:00","db-only","2","mysql","2","12.21","468.1MiB / 1GiB"
"2026-09-05T22:24:56.1544811+09:00","db-only","2","mysql","3","11.84","468MiB / 1GiB"
"2026-09-05T22:24:57.1544811+09:00","db-only","2","mysql","4","11.34","467.6MiB / 1GiB"
"2026-09-05T22:24:58.1544811+09:00","db-only","2","mysql","5","11.77","468.1MiB / 1GiB"
"2026-09-05T22:24:59.1544811+09:00","db-only","2","mysql","6","15.12","467.8MiB / 1GiB"
"2026-09-05T22:25:00.1544811+09:00","db-only","2","mysql","7","12.82","467.8MiB / 1GiB"
"2026-09-05T22:25:01.1544811+09:00","db-only","2","mysql","8","11.11","467.8MiB / 1GiB"
"2026-09-05T22:25:02.1544811+09:00","db-only","2","mysql","9","10.92","467.9MiB / 1GiB"
"2026-09-05T22:25:03.1544811+09:00","db-only","2","mysql","10","11.54","467.9MiB / 1GiB"
"2026-09-05T22:25:04.1544811+09:00","db-only","2","mysql","11","14.76","468.5MiB / 1GiB"
"2026-09-05T22:25:05.1544811+09:00","db-only","2","mysql","12","11.28","468.2MiB / 1GiB"
"2026-09-05T22:25:06.1544811+09:00","db-only","2","mysql","13","13.16","468.3MiB / 1GiB"
"2026-09-05T22:25:07.1544811+09:00","db-only","2","mysql","14","11.09","468.3MiB / 1GiB"
"2026-09-05T22:25:08.1544811+09:00","db-only","2","mysql","15","11.37","468.5MiB / 1GiB"
"2026-09-05T22:25:09.1544811+09:00","db-only","2","mysql","16","17.29","468.3MiB / 1GiB"
"2026-09-05T22:25:10.1544811+09:00","db-only","2","mysql","17","11.66","468.1MiB / 1GiB"
"2026-09-05T22:25:11.1544811+09:00","db-only","2","mysql","18","14.18","468.4MiB / 1GiB"
"2026-09-05T22:25:12.1544811+09:00","db-only","2","mysql","19","12.7","468.2MiB / 1GiB"
"2026-09-05T22:25:13.1544811+09:00","db-only","2","mysql","20","13.42","468.2MiB / 1GiB"
"2026-09-05T22:25:14.1544811+09:00","db-only","2","mysql","21","15.89","468.4MiB / 1GiB"
"2026-09-05T22:25:15.1544811+09:00","db-only","2","mysql","22","12.08","468.1MiB / 1GiB"
"2026-09-05T22:25:16.1544811+09:00","db-only","2","mysql","23","18.13","468MiB / 1GiB"
"2026-09-05T22:25:17.1544811+09:00","db-only","2","mysql","24","21.09","468.1MiB / 1GiB"
"2026-09-05T22:25:18.1544811+09:00","db-only","2","mysql","25","16.07","468.1MiB / 1GiB"
"2026-09-05T22:25:19.1544811+09:00","db-only","2","mysql","26","21.64","468MiB / 1GiB"
"2026-09-05T22:25:20.1544811+09:00","db-only","2","mysql","27","19.07","468.3MiB / 1GiB"
"2026-09-05T22:25:21.1544811+09:00","db-only","2","mysql","28","18.48","468.1MiB / 1GiB"
"2026-09-05T22:25:22.1544811+09:00","db-only","2","mysql","29","17.54","468.1MiB / 1GiB"
"2026-09-05T22:25:23.1544811+09:00","db-only","2","mysql","30","18.13","468.6MiB / 1GiB"
"2026-09-05T22:25:24.1544811+09:00","db-only","2","mysql","31","18.13","468.6MiB / 1GiB"
"2026-09-05T22:25:25.1544811+09:00","db-only","2","mysql","32","22.54","468.4MiB / 1GiB"
"2026-09-05T22:25:26.1544811+09:00","db-only","2","mysql","33","18.21","468.3MiB / 1GiB"
"2026-09-05T22:25:27.1544811+09:00","db-only","2","mysql","34","16.43","468.3MiB / 1GiB"
"2026-09-05T22:25:28.1544811+09:00","db-only","2","mysql","35","18.18","468.3MiB / 1GiB"
"2026-09-05T22:25:29.1544811+09:00","db-only","2","mysql","36","17.27","468MiB / 1GiB"
"2026-09-05T22:25:30.1544811+09:00","db-only","2","mysql","37","20.63","468.4MiB / 1GiB"
"2026-09-05T22:25:31.1544811+09:00","db-only","2","mysql","38","14.49","468.8MiB / 1GiB"
"2026-09-05T22:25:32.1544811+09:00","db-only","2","mysql","39","15.44","468.3MiB / 1GiB"
"2026-09-05T22:25:33.1544811+09:00","db-only","2","mysql","40","15.88","468.1MiB / 1GiB"
"2026-09-05T22:25:34.1544811+09:00","db-only","2","mysql","41","15.11","468.1MiB / 1GiB"
"2026-09-05T22:25:35.1544811+09:00","db-only","2","mysql","42","25.85","468MiB / 1GiB"
"2026-09-05T22:25:36.1544811+09:00","db-only","2","mysql","43","15.23","468.2MiB / 1GiB"
"2026-09-05T22:25:37.1544811+09:00","db-only","2","mysql","44","14.73","468.3MiB / 1GiB"
"2026-09-05T22:25:38.1544811+09:00","db-only","2","mysql","45","17.72","468.4MiB / 1GiB"
"2026-09-05T22:25:39.1544811+09:00","db-only","2","mysql","46","16.34","468.6MiB / 1GiB"
"2026-09-05T22:25:40.1544811+09:00","db-only","2","mysql","47","21.96","468.2MiB / 1GiB"
"2026-09-05T22:25:41.1544811+09:00","db-only","2","mysql","48","16.63","468.1MiB / 1GiB"
"2026-09-05T22:25:42.1544811+09:00","db-only","2","mysql","49","14","468.3MiB / 1GiB"
"2026-09-05T22:25:43.1544811+09:00","db-only","2","mysql","50","15.19","468.8MiB / 1GiB"
"2026-09-05T22:25:44.1544811+09:00","db-only","2","mysql","51","14.16","468.7MiB / 1GiB"
"2026-09-05T22:25:45.1544811+09:00","db-only","2","mysql","52","18.46","468MiB / 1GiB"
"2026-09-05T22:25:46.1544811+09:00","db-only","2","mysql","53","15.71","468MiB / 1GiB"
"2026-09-05T22:25:47.1544811+09:00","db-only","2","mysql","54","13.37","468.3MiB / 1GiB"
"2026-09-05T22:25:48.1544811+09:00","db-only","2","mysql","55","13.47","468MiB / 1GiB"
"2026-09-05T22:25:49.1544811+09:00","db-only","2","mysql","56","12.57","468.3MiB / 1GiB"
"2026-09-05T22:25:50.1544811+09:00","db-only","2","mysql","57","18.2","468.7MiB / 1GiB"
"2026-09-05T22:25:51.1544811+09:00","db-only","2","mysql","58","14.63","468.4MiB / 1GiB"
"2026-09-05T22:25:52.1544811+09:00","db-only","2","mysql","59","13.74","468.6MiB / 1GiB"
"2026-09-05T22:25:53.1544811+09:00","db-only","2","mysql","60","14.74","468MiB / 1GiB"
"2026-09-05T22:25:54.1544811+09:00","db-only","2","mysql","61","18.17","468.1MiB / 1GiB"
"2026-09-05T22:25:55.1544811+09:00","db-only","2","mysql","62","13.15","468.1MiB / 1GiB"
"2026-09-05T22:25:56.1544811+09:00","db-only","2","mysql","63","13.63","468.1MiB / 1GiB"
"2026-09-05T22:25:57.1544811+09:00","db-only","2","mysql","64","14.65","468.3MiB / 1GiB"
"2026-09-05T22:25:58.1544811+09:00","db-only","2","mysql","65","14.65","468.3MiB / 1GiB"
"2026-09-05T22:25:59.1544811+09:00","db-only","2","mysql","66","14.74","468.3MiB / 1GiB"
"2026-09-05T22:26:00.1544811+09:00","db-only","2","mysql","67","21.25","468.2MiB / 1GiB"
"2026-09-05T22:26:01.1544811+09:00","db-only","2","mysql","68","13.71","468MiB / 1GiB"
"2026-09-05T22:26:02.1544811+09:00","db-only","2","mysql","69","14.73","468.4MiB / 1GiB"
"2026-09-05T22:26:03.1544811+09:00","db-only","2","mysql","70","14.01","468.4MiB / 1GiB"
"2026-09-05T22:26:04.1544811+09:00","db-only","2","mysql","71","14.82","467.8MiB / 1GiB"
"2026-09-05T22:26:05.1544811+09:00","db-only","2","mysql","72","16.67","468.4MiB / 1GiB"
"2026-09-05T22:26:06.1544811+09:00","db-only","2","mysql","73","14.22","468.8MiB / 1GiB"
"2026-09-05T22:26:07.1544811+09:00","db-only","2","mysql","74","14.64","468.2MiB / 1GiB"
"2026-09-05T22:26:08.1544811+09:00","db-only","2","mysql","75","18.16","468.4MiB / 1GiB"
"2026-09-05T22:26:09.1544811+09:00","db-only","2","mysql","76","15.21","468MiB / 1GiB"
"2026-09-05T22:26:10.1544811+09:00","db-only","2","mysql","77","21.1","468.1MiB / 1GiB"
"2026-09-05T22:26:11.1544811+09:00","db-only","2","mysql","78","21.19","468.1MiB / 1GiB"
"2026-09-05T22:26:12.1544811+09:00","db-only","2","mysql","79","19.98","468.5MiB / 1GiB"
"2026-09-05T22:26:13.1544811+09:00","db-only","2","mysql","80","21.66","467.9MiB / 1GiB"
"2026-09-05T22:26:14.1544811+09:00","db-only","2","mysql","81","23","467.9MiB / 1GiB"
"2026-09-05T22:26:15.1544811+09:00","db-only","2","mysql","82","36","468.3MiB / 1GiB"
"2026-09-05T22:26:16.1544811+09:00","db-only","2","mysql","83","17.69","468.2MiB / 1GiB"
"2026-09-05T22:26:17.1544811+09:00","db-only","2","mysql","84","15.75","468.2MiB / 1GiB"
"2026-09-05T22:26:18.1544811+09:00","db-only","2","mysql","85","18.81","468.4MiB / 1GiB"
"2026-09-05T22:26:19.1544811+09:00","db-only","2","mysql","86","15.14","468.6MiB / 1GiB"
"2026-09-05T22:26:20.1544811+09:00","db-only","2","mysql","87","16.18","468.3MiB / 1GiB"
"2026-09-05T22:26:21.1544811+09:00","db-only","2","mysql","88","15.22","467.9MiB / 1GiB"
"2026-09-05T22:26:22.1544811+09:00","db-only","2","mysql","89","13.56","468.4MiB / 1GiB"
"2026-09-05T22:26:23.1544811+09:00","db-only","2","mysql","90","15.15","468.2MiB / 1GiB"
"2026-09-05T22:26:24.1544811+09:00","db-only","2","mysql","91","13.48","468.4MiB / 1GiB"
"2026-09-05T22:26:25.1544811+09:00","db-only","2","mysql","92","16.57","468.4MiB / 1GiB"
"2026-09-05T22:26:26.1544811+09:00","db-only","2","mysql","93","11.97","468.4MiB / 1GiB"
"2026-09-05T22:26:27.1544811+09:00","db-only","2","mysql","94","12.4","468MiB / 1GiB"
"2026-09-05T22:26:28.1544811+09:00","db-only","2","mysql","95","11.62","468MiB / 1GiB"
"2026-09-05T22:26:29.1544811+09:00","db-only","2","mysql","96","13.4","468.3MiB / 1GiB"
"2026-09-05T22:26:30.1544811+09:00","db-only","2","mysql","97","17.68","468.1MiB / 1GiB"
"2026-09-05T22:26:31.1544811+09:00","db-only","2","mysql","98","15.63","468.2MiB / 1GiB"
"2026-09-05T22:26:32.1544811+09:00","db-only","2","mysql","99","13.14","468.1MiB / 1GiB"
"2026-09-05T22:26:33.1544811+09:00","db-only","2","mysql","100","13.4","468.1MiB / 1GiB"
"2026-09-05T22:26:34.1544811+09:00","db-only","2","mysql","101","12.38","468.1MiB / 1GiB"
"2026-09-05T22:26:35.1544811+09:00","db-only","2","mysql","102","22.27","467.9MiB / 1GiB"
"2026-09-05T22:26:36.1544811+09:00","db-only","2","mysql","103","12.55","468.1MiB / 1GiB"
"2026-09-05T22:26:37.1544811+09:00","db-only","2","mysql","104","12.92","467.8MiB / 1GiB"
"2026-09-05T22:26:38.1544811+09:00","db-only","2","mysql","105","16.27","467.8MiB / 1GiB"
"2026-09-05T22:26:39.1544811+09:00","db-only","2","mysql","106","14.11","468.1MiB / 1GiB"
"2026-09-05T22:26:40.1544811+09:00","db-only","2","mysql","107","17.45","468MiB / 1GiB"
"2026-09-05T22:26:41.1544811+09:00","db-only","2","mysql","108","14.22","468.3MiB / 1GiB"
"2026-09-05T22:26:42.1544811+09:00","db-only","2","mysql","109","13.2","468.6MiB / 1GiB"
"2026-09-05T22:26:43.1544811+09:00","db-only","2","mysql","110","13.34","468.6MiB / 1GiB"
"2026-09-05T22:26:44.1544811+09:00","db-only","2","mysql","111","14.18","468.5MiB / 1GiB"
"2026-09-05T22:26:45.1544811+09:00","db-only","2","mysql","112","17.44","468.1MiB / 1GiB"
"2026-09-05T22:26:46.1544811+09:00","db-only","2","mysql","113","13.15","468.6MiB / 1GiB"
"2026-09-05T22:26:47.1544811+09:00","db-only","2","mysql","114","12.29","468.3MiB / 1GiB"
"2026-09-05T22:26:48.1544811+09:00","db-only","2","mysql","115","9.95","468.3MiB / 1GiB"
"2026-09-05T22:26:49.1544811+09:00","db-only","2","mysql","116","10.63","468.6MiB / 1GiB"
"2026-09-05T22:26:50.1544811+09:00","db-only","2","mysql","117","14.74","468.6MiB / 1GiB"
"2026-09-05T22:26:51.1544811+09:00","db-only","2","mysql","118","11.58","468.7MiB / 1GiB"
"2026-09-05T22:26:52.1544811+09:00","db-only","2","mysql","119","11.63","468.6MiB / 1GiB"
"2026-09-05T22:24:53.1544811+09:00","db-only","2","redis","0","0.67","6.324MiB / 256MiB"
"2026-09-05T22:24:54.1544811+09:00","db-only","2","redis","1","0.49","5.867MiB / 256MiB"
"2026-09-05T22:24:55.1544811+09:00","db-only","2","redis","2","0.64","5.867MiB / 256MiB"
"2026-09-05T22:24:56.1544811+09:00","db-only","2","redis","3","0.49","6.113MiB / 256MiB"
"2026-09-05T22:24:57.1544811+09:00","db-only","2","redis","4","1.06","6.566MiB / 256MiB"
"2026-09-05T22:24:58.1544811+09:00","db-only","2","redis","5","0.58","6.34MiB / 256MiB"
"2026-09-05T22:24:59.1544811+09:00","db-only","2","redis","6","0.54","6.59MiB / 256MiB"
"2026-09-05T22:25:00.1544811+09:00","db-only","2","redis","7","0.59","6MiB / 256MiB"
"2026-09-05T22:25:01.1544811+09:00","db-only","2","redis","8","0.46","6.25MiB / 256MiB"
"2026-09-05T22:25:02.1544811+09:00","db-only","2","redis","9","1.16","6.117MiB / 256MiB"
"2026-09-05T22:25:03.1544811+09:00","db-only","2","redis","10","0.42","6.105MiB / 256MiB"
"2026-09-05T22:25:04.1544811+09:00","db-only","2","redis","11","0.62","6.102MiB / 256MiB"
"2026-09-05T22:25:05.1544811+09:00","db-only","2","redis","12","0.47","6.102MiB / 256MiB"
"2026-09-05T22:25:06.1544811+09:00","db-only","2","redis","13","0.67","6.09MiB / 256MiB"
"2026-09-05T22:25:07.1544811+09:00","db-only","2","redis","14","1","5.992MiB / 256MiB"
"2026-09-05T22:25:08.1544811+09:00","db-only","2","redis","15","0.52","5.988MiB / 256MiB"
"2026-09-05T22:25:09.1544811+09:00","db-only","2","redis","16","0.64","5.98MiB / 256MiB"
"2026-09-05T22:25:10.1544811+09:00","db-only","2","redis","17","0.62","6.102MiB / 256MiB"
"2026-09-05T22:25:11.1544811+09:00","db-only","2","redis","18","0.56","6.5MiB / 256MiB"
"2026-09-05T22:25:12.1544811+09:00","db-only","2","redis","19","1.17","6.738MiB / 256MiB"
"2026-09-05T22:25:13.1544811+09:00","db-only","2","redis","20","0.84","6.738MiB / 256MiB"
"2026-09-05T22:25:14.1544811+09:00","db-only","2","redis","21","0.61","6.738MiB / 256MiB"
"2026-09-05T22:25:15.1544811+09:00","db-only","2","redis","22","0.49","6.484MiB / 256MiB"
"2026-09-05T22:25:16.1544811+09:00","db-only","2","redis","23","0.67","6.484MiB / 256MiB"
"2026-09-05T22:25:17.1544811+09:00","db-only","2","redis","24","2.32","6.293MiB / 256MiB"
"2026-09-05T22:25:18.1544811+09:00","db-only","2","redis","25","0.7","6.695MiB / 256MiB"
"2026-09-05T22:25:19.1544811+09:00","db-only","2","redis","26","0.66","6.938MiB / 256MiB"
"2026-09-05T22:25:20.1544811+09:00","db-only","2","redis","27","0.81","6.688MiB / 256MiB"
"2026-09-05T22:25:21.1544811+09:00","db-only","2","redis","28","0.88","6.809MiB / 256MiB"
"2026-09-05T22:25:22.1544811+09:00","db-only","2","redis","29","2.33","6.52MiB / 256MiB"
"2026-09-05T22:25:23.1544811+09:00","db-only","2","redis","30","0.7","6.324MiB / 256MiB"
"2026-09-05T22:25:24.1544811+09:00","db-only","2","redis","31","0.7","6.324MiB / 256MiB"
"2026-09-05T22:25:25.1544811+09:00","db-only","2","redis","32","0.7","6.32MiB / 256MiB"
"2026-09-05T22:25:26.1544811+09:00","db-only","2","redis","33","0.68","6.266MiB / 256MiB"
"2026-09-05T22:25:27.1544811+09:00","db-only","2","redis","34","0.57","6.516MiB / 256MiB"
"2026-09-05T22:25:28.1544811+09:00","db-only","2","redis","35","2.87","6.145MiB / 256MiB"
"2026-09-05T22:25:29.1544811+09:00","db-only","2","redis","36","0.86","6.383MiB / 256MiB"
"2026-09-05T22:25:30.1544811+09:00","db-only","2","redis","37","0.61","6.383MiB / 256MiB"
"2026-09-05T22:25:31.1544811+09:00","db-only","2","redis","38","0.65","6.367MiB / 256MiB"
"2026-09-05T22:25:32.1544811+09:00","db-only","2","redis","39","0.53","6.363MiB / 256MiB"
"2026-09-05T22:25:33.1544811+09:00","db-only","2","redis","40","2.06","6.723MiB / 256MiB"
"2026-09-05T22:25:34.1544811+09:00","db-only","2","redis","41","0.55","6.723MiB / 256MiB"
"2026-09-05T22:25:35.1544811+09:00","db-only","2","redis","42","0.93","6.598MiB / 256MiB"
"2026-09-05T22:25:36.1544811+09:00","db-only","2","redis","43","0.79","6.594MiB / 256MiB"
"2026-09-05T22:25:37.1544811+09:00","db-only","2","redis","44","0.53","6.586MiB / 256MiB"
"2026-09-05T22:25:38.1544811+09:00","db-only","2","redis","45","1.34","6.797MiB / 256MiB"
"2026-09-05T22:25:39.1544811+09:00","db-only","2","redis","46","0.79","6.797MiB / 256MiB"
"2026-09-05T22:25:40.1544811+09:00","db-only","2","redis","47","1.8","6.793MiB / 256MiB"
"2026-09-05T22:25:41.1544811+09:00","db-only","2","redis","48","0.68","6.926MiB / 256MiB"
"2026-09-05T22:25:42.1544811+09:00","db-only","2","redis","49","0.54","7.176MiB / 256MiB"
"2026-09-05T22:25:43.1544811+09:00","db-only","2","redis","50","1.53","8.727MiB / 256MiB"
"2026-09-05T22:25:44.1544811+09:00","db-only","2","redis","51","0.91","7.336MiB / 256MiB"
"2026-09-05T22:25:45.1544811+09:00","db-only","2","redis","52","0.54","7.332MiB / 256MiB"
"2026-09-05T22:25:46.1544811+09:00","db-only","2","redis","53","0.7","7.09MiB / 256MiB"
"2026-09-05T22:25:47.1544811+09:00","db-only","2","redis","54","0.55","7.34MiB / 256MiB"
"2026-09-05T22:25:48.1544811+09:00","db-only","2","redis","55","1.3","6.812MiB / 256MiB"
"2026-09-05T22:25:49.1544811+09:00","db-only","2","redis","56","0.48","7.059MiB / 256MiB"
"2026-09-05T22:25:50.1544811+09:00","db-only","2","redis","57","0.67","6.879MiB / 256MiB"
"2026-09-05T22:25:51.1544811+09:00","db-only","2","redis","58","0.6","6.527MiB / 256MiB"
"2026-09-05T22:25:52.1544811+09:00","db-only","2","redis","59","0.79","6.254MiB / 256MiB"
"2026-09-05T22:25:53.1544811+09:00","db-only","2","redis","60","0.69","6.617MiB / 256MiB"
"2026-09-05T22:25:54.1544811+09:00","db-only","2","redis","61","0.57","6.613MiB / 256MiB"
"2026-09-05T22:25:55.1544811+09:00","db-only","2","redis","62","0.58","6.613MiB / 256MiB"
"2026-09-05T22:25:56.1544811+09:00","db-only","2","redis","63","0.53","6.613MiB / 256MiB"
"2026-09-05T22:25:57.1544811+09:00","db-only","2","redis","64","0.71","6.613MiB / 256MiB"
"2026-09-05T22:25:58.1544811+09:00","db-only","2","redis","65","1.16","6.566MiB / 256MiB"
"2026-09-05T22:25:59.1544811+09:00","db-only","2","redis","66","1.16","6.566MiB / 256MiB"
"2026-09-05T22:26:00.1544811+09:00","db-only","2","redis","67","0.64","6.816MiB / 256MiB"
"2026-09-05T22:26:01.1544811+09:00","db-only","2","redis","68","0.64","6.816MiB / 256MiB"
"2026-09-05T22:26:02.1544811+09:00","db-only","2","redis","69","0.84","6.703MiB / 256MiB"
"2026-09-05T22:26:03.1544811+09:00","db-only","2","redis","70","0.53","6.703MiB / 256MiB"
"2026-09-05T22:26:04.1544811+09:00","db-only","2","redis","71","1.3","6.844MiB / 256MiB"
"2026-09-05T22:26:05.1544811+09:00","db-only","2","redis","72","0.52","6.844MiB / 256MiB"
"2026-09-05T22:26:06.1544811+09:00","db-only","2","redis","73","0.67","6.754MiB / 256MiB"
"2026-09-05T22:26:07.1544811+09:00","db-only","2","redis","74","0.55","6.754MiB / 256MiB"
"2026-09-05T22:26:08.1544811+09:00","db-only","2","redis","75","0.72","6.75MiB / 256MiB"
"2026-09-05T22:26:09.1544811+09:00","db-only","2","redis","76","1.15","7.141MiB / 256MiB"
"2026-09-05T22:26:10.1544811+09:00","db-only","2","redis","77","0.56","7.035MiB / 256MiB"
"2026-09-05T22:26:11.1544811+09:00","db-only","2","redis","78","0.79","6.684MiB / 256MiB"
"2026-09-05T22:26:12.1544811+09:00","db-only","2","redis","79","0.95","6.934MiB / 256MiB"
"2026-09-05T22:26:13.1544811+09:00","db-only","2","redis","80","0.84","6.934MiB / 256MiB"
"2026-09-05T22:26:14.1544811+09:00","db-only","2","redis","81","2.54","6.863MiB / 256MiB"
"2026-09-05T22:26:15.1544811+09:00","db-only","2","redis","82","1.13","6.863MiB / 256MiB"
"2026-09-05T22:26:16.1544811+09:00","db-only","2","redis","83","0.79","6.863MiB / 256MiB"
"2026-09-05T22:26:17.1544811+09:00","db-only","2","redis","84","0.79","6.863MiB / 256MiB"
"2026-09-05T22:26:18.1544811+09:00","db-only","2","redis","85","0.79","6.859MiB / 256MiB"
"2026-09-05T22:26:19.1544811+09:00","db-only","2","redis","86","2.5","6.496MiB / 256MiB"
"2026-09-05T22:26:20.1544811+09:00","db-only","2","redis","87","0.85","6.738MiB / 256MiB"
"2026-09-05T22:26:21.1544811+09:00","db-only","2","redis","88","0.74","6.664MiB / 256MiB"
"2026-09-05T22:26:22.1544811+09:00","db-only","2","redis","89","0.56","6.66MiB / 256MiB"
"2026-09-05T22:26:23.1544811+09:00","db-only","2","redis","90","0.66","7.129MiB / 256MiB"
"2026-09-05T22:26:24.1544811+09:00","db-only","2","redis","91","1.32","6.828MiB / 256MiB"
"2026-09-05T22:26:25.1544811+09:00","db-only","2","redis","92","0.53","6.828MiB / 256MiB"
"2026-09-05T22:26:26.1544811+09:00","db-only","2","redis","93","0.6","6.82MiB / 256MiB"
"2026-09-05T22:26:27.1544811+09:00","db-only","2","redis","94","0.68","6.82MiB / 256MiB"
"2026-09-05T22:26:28.1544811+09:00","db-only","2","redis","95","0.55","6.82MiB / 256MiB"
"2026-09-05T22:26:29.1544811+09:00","db-only","2","redis","96","1.26","6.715MiB / 256MiB"
"2026-09-05T22:26:30.1544811+09:00","db-only","2","redis","97","0.65","6.965MiB / 256MiB"
"2026-09-05T22:26:31.1544811+09:00","db-only","2","redis","98","0.71","6.691MiB / 256MiB"
"2026-09-05T22:26:32.1544811+09:00","db-only","2","redis","99","0.6","6.691MiB / 256MiB"
"2026-09-05T22:26:33.1544811+09:00","db-only","2","redis","100","0.6","6.691MiB / 256MiB"
"2026-09-05T22:26:34.1544811+09:00","db-only","2","redis","101","1.25","6.383MiB / 256MiB"
"2026-09-05T22:26:35.1544811+09:00","db-only","2","redis","102","0.7","5.973MiB / 256MiB"
"2026-09-05T22:26:36.1544811+09:00","db-only","2","redis","103","0.57","5.973MiB / 256MiB"
"2026-09-05T22:26:37.1544811+09:00","db-only","2","redis","104","0.62","6.473MiB / 256MiB"
"2026-09-05T22:26:38.1544811+09:00","db-only","2","redis","105","0.84","6.465MiB / 256MiB"
"2026-09-05T22:26:39.1544811+09:00","db-only","2","redis","106","1.41","6.598MiB / 256MiB"
"2026-09-05T22:26:40.1544811+09:00","db-only","2","redis","107","0.67","6.598MiB / 256MiB"
"2026-09-05T22:26:41.1544811+09:00","db-only","2","redis","108","0.62","6.105MiB / 256MiB"
"2026-09-05T22:26:42.1544811+09:00","db-only","2","redis","109","0.57","6.355MiB / 256MiB"
"2026-09-05T22:26:43.1544811+09:00","db-only","2","redis","110","0.55","6.105MiB / 256MiB"
"2026-09-05T22:26:44.1544811+09:00","db-only","2","redis","111","1.45","6.363MiB / 256MiB"
"2026-09-05T22:26:45.1544811+09:00","db-only","2","redis","112","0.51","6.363MiB / 256MiB"
"2026-09-05T22:26:46.1544811+09:00","db-only","2","redis","113","0.7","6.121MiB / 256MiB"
"2026-09-05T22:26:47.1544811+09:00","db-only","2","redis","114","0.56","6.371MiB / 256MiB"
"2026-09-05T22:26:48.1544811+09:00","db-only","2","redis","115","0.48","6.371MiB / 256MiB"
"2026-09-05T22:26:49.1544811+09:00","db-only","2","redis","116","1.06","6.59MiB / 256MiB"
"2026-09-05T22:26:50.1544811+09:00","db-only","2","redis","117","0.56","6.586MiB / 256MiB"
"2026-09-05T22:26:51.1544811+09:00","db-only","2","redis","118","0.55","6.336MiB / 256MiB"
"2026-09-05T22:26:52.1544811+09:00","db-only","2","redis","119","0.53","6.57MiB / 256MiB"
"2026-09-05T22:28:17.7930470+09:00","db-only","3","app","0","3.47","352.9MiB / 512MiB"
"2026-09-05T22:28:18.7930470+09:00","db-only","3","app","1","0.69","352.9MiB / 512MiB"
"2026-09-05T22:28:19.7930470+09:00","db-only","3","app","2","44.03","353.1MiB / 512MiB"
"2026-09-05T22:28:20.7930470+09:00","db-only","3","app","3","99.5","353.5MiB / 512MiB"
"2026-09-05T22:28:21.7930470+09:00","db-only","3","app","4","104.95","351.4MiB / 512MiB"
"2026-09-05T22:28:22.7930470+09:00","db-only","3","app","5","100.87","352.1MiB / 512MiB"
"2026-09-05T22:28:23.7930470+09:00","db-only","3","app","6","101.39","352.3MiB / 512MiB"
"2026-09-05T22:28:24.7930470+09:00","db-only","3","app","7","97.03","352.8MiB / 512MiB"
"2026-09-05T22:28:25.7930470+09:00","db-only","3","app","8","99.38","353MiB / 512MiB"
"2026-09-05T22:28:26.7930470+09:00","db-only","3","app","9","99.34","353.7MiB / 512MiB"
"2026-09-05T22:28:27.7930470+09:00","db-only","3","app","10","97.6","357.9MiB / 512MiB"
"2026-09-05T22:28:28.7930470+09:00","db-only","3","app","11","98.62","358.7MiB / 512MiB"
"2026-09-05T22:28:29.7930470+09:00","db-only","3","app","12","98.76","359.4MiB / 512MiB"
"2026-09-05T22:28:30.7930470+09:00","db-only","3","app","13","98.12","360.6MiB / 512MiB"
"2026-09-05T22:28:31.7930470+09:00","db-only","3","app","14","98.47","361.2MiB / 512MiB"
"2026-09-05T22:28:32.7930470+09:00","db-only","3","app","15","98.53","361.7MiB / 512MiB"
"2026-09-05T22:28:33.7930470+09:00","db-only","3","app","16","96.17","362MiB / 512MiB"
"2026-09-05T22:28:34.7930470+09:00","db-only","3","app","17","95.8","362.5MiB / 512MiB"
"2026-09-05T22:28:35.7930470+09:00","db-only","3","app","18","97.87","364.4MiB / 512MiB"
"2026-09-05T22:28:36.7930470+09:00","db-only","3","app","19","98.64","364.8MiB / 512MiB"
"2026-09-05T22:28:37.7930470+09:00","db-only","3","app","20","99.3","364.9MiB / 512MiB"
"2026-09-05T22:28:38.7930470+09:00","db-only","3","app","21","98.61","365.1MiB / 512MiB"
"2026-09-05T22:28:39.7930470+09:00","db-only","3","app","22","98.55","365MiB / 512MiB"
"2026-09-05T22:28:40.7930470+09:00","db-only","3","app","23","94.5","365.5MiB / 512MiB"
"2026-09-05T22:28:41.7930470+09:00","db-only","3","app","24","93.82","365.7MiB / 512MiB"
"2026-09-05T22:28:42.7930470+09:00","db-only","3","app","25","85.92","366.9MiB / 512MiB"
"2026-09-05T22:28:43.7930470+09:00","db-only","3","app","26","81.11","366.9MiB / 512MiB"
"2026-09-05T22:28:44.7930470+09:00","db-only","3","app","27","44.16","366.9MiB / 512MiB"
"2026-09-05T22:28:45.7930470+09:00","db-only","3","app","28","48.95","367.1MiB / 512MiB"
"2026-09-05T22:28:46.7930470+09:00","db-only","3","app","29","80.02","367.1MiB / 512MiB"
"2026-09-05T22:28:47.7930470+09:00","db-only","3","app","30","96.64","385.4MiB / 512MiB"
"2026-09-05T22:28:48.7930470+09:00","db-only","3","app","31","89.17","392.6MiB / 512MiB"
"2026-09-05T22:28:49.7930470+09:00","db-only","3","app","32","72.74","392.5MiB / 512MiB"
"2026-09-05T22:28:50.7930470+09:00","db-only","3","app","33","83.62","388.1MiB / 512MiB"
"2026-09-05T22:28:51.7930470+09:00","db-only","3","app","34","36.76","388.5MiB / 512MiB"
"2026-09-05T22:28:52.7930470+09:00","db-only","3","app","35","52.19","388.9MiB / 512MiB"
"2026-09-05T22:28:53.7930470+09:00","db-only","3","app","36","33.62","388.9MiB / 512MiB"
"2026-09-05T22:28:54.7930470+09:00","db-only","3","app","37","39.53","375.6MiB / 512MiB"
"2026-09-05T22:28:55.7930470+09:00","db-only","3","app","38","35.89","375.8MiB / 512MiB"
"2026-09-05T22:28:56.7930470+09:00","db-only","3","app","39","39.06","376MiB / 512MiB"
"2026-09-05T22:28:57.7930470+09:00","db-only","3","app","40","60.99","375.7MiB / 512MiB"
"2026-09-05T22:28:58.7930470+09:00","db-only","3","app","41","55.55","375.9MiB / 512MiB"
"2026-09-05T22:28:59.7930470+09:00","db-only","3","app","42","75.65","376.3MiB / 512MiB"
"2026-09-05T22:29:00.7930470+09:00","db-only","3","app","43","105.08","376.3MiB / 512MiB"
"2026-09-05T22:29:01.7930470+09:00","db-only","3","app","44","57.9","376.4MiB / 512MiB"
"2026-09-05T22:29:02.7930470+09:00","db-only","3","app","45","105.91","376.1MiB / 512MiB"
"2026-09-05T22:29:03.7930470+09:00","db-only","3","app","46","112.84","376.4MiB / 512MiB"
"2026-09-05T22:29:04.7930470+09:00","db-only","3","app","47","51.05","376.8MiB / 512MiB"
"2026-09-05T22:29:05.7930470+09:00","db-only","3","app","48","71.27","376.6MiB / 512MiB"
"2026-09-05T22:29:06.7930470+09:00","db-only","3","app","49","100.97","376.7MiB / 512MiB"
"2026-09-05T22:29:07.7930470+09:00","db-only","3","app","50","96.1","376.7MiB / 512MiB"
"2026-09-05T22:29:08.7930470+09:00","db-only","3","app","51","98.82","376.6MiB / 512MiB"
"2026-09-05T22:29:09.7930470+09:00","db-only","3","app","52","56.14","376.6MiB / 512MiB"
"2026-09-05T22:29:10.7930470+09:00","db-only","3","app","53","38.09","376.9MiB / 512MiB"
"2026-09-05T22:29:11.7930470+09:00","db-only","3","app","54","49.07","376.9MiB / 512MiB"
"2026-09-05T22:29:12.7930470+09:00","db-only","3","app","55","36.25","376.6MiB / 512MiB"
"2026-09-05T22:29:13.7930470+09:00","db-only","3","app","56","40.47","376.6MiB / 512MiB"
"2026-09-05T22:29:14.7930470+09:00","db-only","3","app","57","44.8","376.3MiB / 512MiB"
"2026-09-05T22:29:15.7930470+09:00","db-only","3","app","58","93.38","376.8MiB / 512MiB"
"2026-09-05T22:29:16.7930470+09:00","db-only","3","app","59","93.38","376.8MiB / 512MiB"
"2026-09-05T22:29:17.7930470+09:00","db-only","3","app","60","95.18","376.9MiB / 512MiB"
"2026-09-05T22:29:18.7930470+09:00","db-only","3","app","61","98.81","377.4MiB / 512MiB"
"2026-09-05T22:29:19.7930470+09:00","db-only","3","app","62","91.08","377.4MiB / 512MiB"
"2026-09-05T22:29:20.7930470+09:00","db-only","3","app","63","96.55","377.3MiB / 512MiB"
"2026-09-05T22:29:21.7930470+09:00","db-only","3","app","64","68.91","377.8MiB / 512MiB"
"2026-09-05T22:29:22.7930470+09:00","db-only","3","app","65","30.64","377.5MiB / 512MiB"
"2026-09-05T22:29:23.7930470+09:00","db-only","3","app","66","24.24","377.5MiB / 512MiB"
"2026-09-05T22:29:24.7930470+09:00","db-only","3","app","67","25.16","377.5MiB / 512MiB"
"2026-09-05T22:29:25.7930470+09:00","db-only","3","app","68","27.69","377.8MiB / 512MiB"
"2026-09-05T22:29:26.7930470+09:00","db-only","3","app","69","70.12","377.9MiB / 512MiB"
"2026-09-05T22:29:27.7930470+09:00","db-only","3","app","70","96.09","378.4MiB / 512MiB"
"2026-09-05T22:29:28.7930470+09:00","db-only","3","app","71","79.87","378.5MiB / 512MiB"
"2026-09-05T22:29:29.7930470+09:00","db-only","3","app","72","34.89","378.5MiB / 512MiB"
"2026-09-05T22:29:30.7930470+09:00","db-only","3","app","73","22.47","378.7MiB / 512MiB"
"2026-09-05T22:29:31.7930470+09:00","db-only","3","app","74","22.39","378.7MiB / 512MiB"
"2026-09-05T22:29:32.7930470+09:00","db-only","3","app","75","20.67","378.4MiB / 512MiB"
"2026-09-05T22:29:33.7930470+09:00","db-only","3","app","76","20.82","378.4MiB / 512MiB"
"2026-09-05T22:29:34.7930470+09:00","db-only","3","app","77","24.49","378.4MiB / 512MiB"
"2026-09-05T22:29:35.7930470+09:00","db-only","3","app","78","36.18","378.6MiB / 512MiB"
"2026-09-05T22:29:36.7930470+09:00","db-only","3","app","79","60.19","378.7MiB / 512MiB"
"2026-09-05T22:29:37.7930470+09:00","db-only","3","app","80","77.62","378.6MiB / 512MiB"
"2026-09-05T22:29:38.7930470+09:00","db-only","3","app","81","72.36","378.5MiB / 512MiB"
"2026-09-05T22:29:39.7930470+09:00","db-only","3","app","82","30.39","378.7MiB / 512MiB"
"2026-09-05T22:29:40.7930470+09:00","db-only","3","app","83","25.16","378.9MiB / 512MiB"
"2026-09-05T22:29:41.7930470+09:00","db-only","3","app","84","24.27","379MiB / 512MiB"
"2026-09-05T22:29:42.7930470+09:00","db-only","3","app","85","31.01","378.8MiB / 512MiB"
"2026-09-05T22:29:43.7930470+09:00","db-only","3","app","86","24.17","378.8MiB / 512MiB"
"2026-09-05T22:29:44.7930470+09:00","db-only","3","app","87","44.88","379.1MiB / 512MiB"
"2026-09-05T22:29:45.7930470+09:00","db-only","3","app","88","34.42","379.1MiB / 512MiB"
"2026-09-05T22:29:46.7930470+09:00","db-only","3","app","89","33.33","379.1MiB / 512MiB"
"2026-09-05T22:29:47.7930470+09:00","db-only","3","app","90","47.49","379.2MiB / 512MiB"
"2026-09-05T22:29:48.7930470+09:00","db-only","3","app","91","61.45","379.2MiB / 512MiB"
"2026-09-05T22:29:49.7930470+09:00","db-only","3","app","92","53.96","379.1MiB / 512MiB"
"2026-09-05T22:29:50.7930470+09:00","db-only","3","app","93","23.59","379.1MiB / 512MiB"
"2026-09-05T22:29:51.7930470+09:00","db-only","3","app","94","27.84","379MiB / 512MiB"
"2026-09-05T22:29:52.7930470+09:00","db-only","3","app","95","27.67","379MiB / 512MiB"
"2026-09-05T22:29:53.7930470+09:00","db-only","3","app","96","23.58","379.1MiB / 512MiB"
"2026-09-05T22:29:54.7930470+09:00","db-only","3","app","97","18.92","379.3MiB / 512MiB"
"2026-09-05T22:29:55.7930470+09:00","db-only","3","app","98","24.26","379.2MiB / 512MiB"
"2026-09-05T22:29:56.7930470+09:00","db-only","3","app","99","32.35","379MiB / 512MiB"
"2026-09-05T22:29:57.7930470+09:00","db-only","3","app","100","19.24","378.7MiB / 512MiB"
"2026-09-05T22:29:58.7930470+09:00","db-only","3","app","101","19.63","378.7MiB / 512MiB"
"2026-09-05T22:29:59.7930470+09:00","db-only","3","app","102","24.21","378.9MiB / 512MiB"
"2026-09-05T22:30:00.7930470+09:00","db-only","3","app","103","19.23","378.7MiB / 512MiB"
"2026-09-05T22:30:01.7930470+09:00","db-only","3","app","104","19.96","379.2MiB / 512MiB"
"2026-09-05T22:30:02.7930470+09:00","db-only","3","app","105","21.9","379.2MiB / 512MiB"
"2026-09-05T22:30:03.7930470+09:00","db-only","3","app","106","29.25","378.9MiB / 512MiB"
"2026-09-05T22:30:04.7930470+09:00","db-only","3","app","107","49.37","379.2MiB / 512MiB"
"2026-09-05T22:30:05.7930470+09:00","db-only","3","app","108","32.13","379.4MiB / 512MiB"
"2026-09-05T22:30:06.7930470+09:00","db-only","3","app","109","33.43","379.1MiB / 512MiB"
"2026-09-05T22:30:07.7930470+09:00","db-only","3","app","110","20.63","379MiB / 512MiB"
"2026-09-05T22:30:08.7930470+09:00","db-only","3","app","111","22.58","378.7MiB / 512MiB"
"2026-09-05T22:30:09.7930470+09:00","db-only","3","app","112","26.41","378.8MiB / 512MiB"
"2026-09-05T22:30:10.7930470+09:00","db-only","3","app","113","29.39","378.8MiB / 512MiB"
"2026-09-05T22:30:11.7930470+09:00","db-only","3","app","114","28.13","379.2MiB / 512MiB"
"2026-09-05T22:30:12.7930470+09:00","db-only","3","app","115","77.1","379.4MiB / 512MiB"
"2026-09-05T22:30:13.7930470+09:00","db-only","3","app","116","46.02","378.8MiB / 512MiB"
"2026-09-05T22:30:14.7930470+09:00","db-only","3","app","117","32.95","379MiB / 512MiB"
"2026-09-05T22:30:15.7930470+09:00","db-only","3","app","118","32.95","379MiB / 512MiB"
"2026-09-05T22:30:16.7930470+09:00","db-only","3","app","119","49.41","379.4MiB / 512MiB"
"2026-09-05T22:28:17.7930470+09:00","db-only","3","mysql","0","3.37","472.6MiB / 1GiB"
"2026-09-05T22:28:18.7930470+09:00","db-only","3","mysql","1","1.22","472.5MiB / 1GiB"
"2026-09-05T22:28:19.7930470+09:00","db-only","3","mysql","2","6.55","472.9MiB / 1GiB"
"2026-09-05T22:28:20.7930470+09:00","db-only","3","mysql","3","15.26","473.4MiB / 1GiB"
"2026-09-05T22:28:21.7930470+09:00","db-only","3","mysql","4","11.55","473MiB / 1GiB"
"2026-09-05T22:28:22.7930470+09:00","db-only","3","mysql","5","17.82","473.1MiB / 1GiB"
"2026-09-05T22:28:23.7930470+09:00","db-only","3","mysql","6","16.11","473.1MiB / 1GiB"
"2026-09-05T22:28:24.7930470+09:00","db-only","3","mysql","7","17.06","473.3MiB / 1GiB"
"2026-09-05T22:28:25.7930470+09:00","db-only","3","mysql","8","18.45","473.3MiB / 1GiB"
"2026-09-05T22:28:26.7930470+09:00","db-only","3","mysql","9","13.07","473MiB / 1GiB"
"2026-09-05T22:28:27.7930470+09:00","db-only","3","mysql","10","14.76","473.1MiB / 1GiB"
"2026-09-05T22:28:28.7930470+09:00","db-only","3","mysql","11","12.68","472.5MiB / 1GiB"
"2026-09-05T22:28:29.7930470+09:00","db-only","3","mysql","12","12.71","473MiB / 1GiB"
"2026-09-05T22:28:30.7930470+09:00","db-only","3","mysql","13","11.79","473MiB / 1GiB"
"2026-09-05T22:28:31.7930470+09:00","db-only","3","mysql","14","12.2","472.9MiB / 1GiB"
"2026-09-05T22:28:32.7930470+09:00","db-only","3","mysql","15","16.73","473.1MiB / 1GiB"
"2026-09-05T22:28:33.7930470+09:00","db-only","3","mysql","16","12.8","473.1MiB / 1GiB"
"2026-09-05T22:28:34.7930470+09:00","db-only","3","mysql","17","13.5","472.9MiB / 1GiB"
"2026-09-05T22:28:35.7930470+09:00","db-only","3","mysql","18","14.03","473.2MiB / 1GiB"
"2026-09-05T22:28:36.7930470+09:00","db-only","3","mysql","19","14.28","473.3MiB / 1GiB"
"2026-09-05T22:28:37.7930470+09:00","db-only","3","mysql","20","21.33","473.3MiB / 1GiB"
"2026-09-05T22:28:38.7930470+09:00","db-only","3","mysql","21","14.22","473MiB / 1GiB"
"2026-09-05T22:28:39.7930470+09:00","db-only","3","mysql","22","15.07","473.2MiB / 1GiB"
"2026-09-05T22:28:40.7930470+09:00","db-only","3","mysql","23","13.8","473.1MiB / 1GiB"
"2026-09-05T22:28:41.7930470+09:00","db-only","3","mysql","24","13.67","472.9MiB / 1GiB"
"2026-09-05T22:28:42.7930470+09:00","db-only","3","mysql","25","14.46","473.2MiB / 1GiB"
"2026-09-05T22:28:43.7930470+09:00","db-only","3","mysql","26","12.02","472.9MiB / 1GiB"
"2026-09-05T22:28:44.7930470+09:00","db-only","3","mysql","27","12.31","472.8MiB / 1GiB"
"2026-09-05T22:28:45.7930470+09:00","db-only","3","mysql","28","11.88","472.3MiB / 1GiB"
"2026-09-05T22:28:46.7930470+09:00","db-only","3","mysql","29","12.98","472.6MiB / 1GiB"
"2026-09-05T22:28:47.7930470+09:00","db-only","3","mysql","30","16.88","472.5MiB / 1GiB"
"2026-09-05T22:28:48.7930470+09:00","db-only","3","mysql","31","12.64","473MiB / 1GiB"
"2026-09-05T22:28:49.7930470+09:00","db-only","3","mysql","32","11.16","472.9MiB / 1GiB"
"2026-09-05T22:28:50.7930470+09:00","db-only","3","mysql","33","12.02","473MiB / 1GiB"
"2026-09-05T22:28:51.7930470+09:00","db-only","3","mysql","34","11.96","473.2MiB / 1GiB"
"2026-09-05T22:28:52.7930470+09:00","db-only","3","mysql","35","18.24","472.7MiB / 1GiB"
"2026-09-05T22:28:53.7930470+09:00","db-only","3","mysql","36","12.77","472.7MiB / 1GiB"
"2026-09-05T22:28:54.7930470+09:00","db-only","3","mysql","37","13.5","472.7MiB / 1GiB"
"2026-09-05T22:28:55.7930470+09:00","db-only","3","mysql","38","12.96","472.7MiB / 1GiB"
"2026-09-05T22:28:56.7930470+09:00","db-only","3","mysql","39","12.38","472.9MiB / 1GiB"
"2026-09-05T22:28:57.7930470+09:00","db-only","3","mysql","40","17.31","473.2MiB / 1GiB"
"2026-09-05T22:28:58.7930470+09:00","db-only","3","mysql","41","16.13","473.3MiB / 1GiB"
"2026-09-05T22:28:59.7930470+09:00","db-only","3","mysql","42","14.38","473.3MiB / 1GiB"
"2026-09-05T22:29:00.7930470+09:00","db-only","3","mysql","43","20.96","473.1MiB / 1GiB"
"2026-09-05T22:29:01.7930470+09:00","db-only","3","mysql","44","18.02","473MiB / 1GiB"
"2026-09-05T22:29:02.7930470+09:00","db-only","3","mysql","45","25.52","473.3MiB / 1GiB"
"2026-09-05T22:29:03.7930470+09:00","db-only","3","mysql","46","18.15","473MiB / 1GiB"
"2026-09-05T22:29:04.7930470+09:00","db-only","3","mysql","47","17.62","473.2MiB / 1GiB"
"2026-09-05T22:29:05.7930470+09:00","db-only","3","mysql","48","16.43","472.8MiB / 1GiB"
"2026-09-05T22:29:06.7930470+09:00","db-only","3","mysql","49","13.89","473MiB / 1GiB"
"2026-09-05T22:29:07.7930470+09:00","db-only","3","mysql","50","21.66","473.1MiB / 1GiB"
"2026-09-05T22:29:08.7930470+09:00","db-only","3","mysql","51","16.04","473.1MiB / 1GiB"
"2026-09-05T22:29:09.7930470+09:00","db-only","3","mysql","52","15.14","473.5MiB / 1GiB"
"2026-09-05T22:29:10.7930470+09:00","db-only","3","mysql","53","12.88","473.5MiB / 1GiB"
"2026-09-05T22:29:11.7930470+09:00","db-only","3","mysql","54","26.87","473.1MiB / 1GiB"
"2026-09-05T22:29:12.7930470+09:00","db-only","3","mysql","55","15.07","472.9MiB / 1GiB"
"2026-09-05T22:29:13.7930470+09:00","db-only","3","mysql","56","17.5","472.7MiB / 1GiB"
"2026-09-05T22:29:14.7930470+09:00","db-only","3","mysql","57","18.76","473.1MiB / 1GiB"
"2026-09-05T22:29:15.7930470+09:00","db-only","3","mysql","58","12.5","473.4MiB / 1GiB"
"2026-09-05T22:29:16.7930470+09:00","db-only","3","mysql","59","12.5","473.4MiB / 1GiB"
"2026-09-05T22:29:17.7930470+09:00","db-only","3","mysql","60","23.12","473.3MiB / 1GiB"
"2026-09-05T22:29:18.7930470+09:00","db-only","3","mysql","61","13.9","473MiB / 1GiB"
"2026-09-05T22:29:19.7930470+09:00","db-only","3","mysql","62","16.33","473.5MiB / 1GiB"
"2026-09-05T22:29:20.7930470+09:00","db-only","3","mysql","63","15.32","473.2MiB / 1GiB"
"2026-09-05T22:29:21.7930470+09:00","db-only","3","mysql","64","18.87","473.1MiB / 1GiB"
"2026-09-05T22:29:22.7930470+09:00","db-only","3","mysql","65","15.81","475.4MiB / 1GiB"
"2026-09-05T22:29:23.7930470+09:00","db-only","3","mysql","66","14.41","473.2MiB / 1GiB"
"2026-09-05T22:29:24.7930470+09:00","db-only","3","mysql","67","12.25","473.2MiB / 1GiB"
"2026-09-05T22:29:25.7930470+09:00","db-only","3","mysql","68","12.96","473.3MiB / 1GiB"
"2026-09-05T22:29:26.7930470+09:00","db-only","3","mysql","69","13.17","473.3MiB / 1GiB"
"2026-09-05T22:29:27.7930470+09:00","db-only","3","mysql","70","17.04","473.2MiB / 1GiB"
"2026-09-05T22:29:28.7930470+09:00","db-only","3","mysql","71","14.75","473.4MiB / 1GiB"
"2026-09-05T22:29:29.7930470+09:00","db-only","3","mysql","72","10.83","473.3MiB / 1GiB"
"2026-09-05T22:29:30.7930470+09:00","db-only","3","mysql","73","12.17","473.2MiB / 1GiB"
"2026-09-05T22:29:31.7930470+09:00","db-only","3","mysql","74","11.95","473.4MiB / 1GiB"
"2026-09-05T22:29:32.7930470+09:00","db-only","3","mysql","75","15.12","472.8MiB / 1GiB"
"2026-09-05T22:29:33.7930470+09:00","db-only","3","mysql","76","12.64","473MiB / 1GiB"
"2026-09-05T22:29:34.7930470+09:00","db-only","3","mysql","77","13.95","473MiB / 1GiB"
"2026-09-05T22:29:35.7930470+09:00","db-only","3","mysql","78","22.61","473.2MiB / 1GiB"
"2026-09-05T22:29:36.7930470+09:00","db-only","3","mysql","79","18","473.1MiB / 1GiB"
"2026-09-05T22:29:37.7930470+09:00","db-only","3","mysql","80","27","473.3MiB / 1GiB"
"2026-09-05T22:29:38.7930470+09:00","db-only","3","mysql","81","19.84","473MiB / 1GiB"
"2026-09-05T22:29:39.7930470+09:00","db-only","3","mysql","82","14.9","473.3MiB / 1GiB"
"2026-09-05T22:29:40.7930470+09:00","db-only","3","mysql","83","12.85","473MiB / 1GiB"
"2026-09-05T22:29:41.7930470+09:00","db-only","3","mysql","84","13.33","473.2MiB / 1GiB"
"2026-09-05T22:29:42.7930470+09:00","db-only","3","mysql","85","24.26","472.8MiB / 1GiB"
"2026-09-05T22:29:43.7930470+09:00","db-only","3","mysql","86","14.31","473.1MiB / 1GiB"
"2026-09-05T22:29:44.7930470+09:00","db-only","3","mysql","87","27.66","473.5MiB / 1GiB"
"2026-09-05T22:29:45.7930470+09:00","db-only","3","mysql","88","19.88","473.2MiB / 1GiB"
"2026-09-05T22:29:46.7930470+09:00","db-only","3","mysql","89","23.44","473.6MiB / 1GiB"
"2026-09-05T22:29:47.7930470+09:00","db-only","3","mysql","90","21.09","473.4MiB / 1GiB"
"2026-09-05T22:29:48.7930470+09:00","db-only","3","mysql","91","16.05","473.3MiB / 1GiB"
"2026-09-05T22:29:49.7930470+09:00","db-only","3","mysql","92","24.68","473.3MiB / 1GiB"
"2026-09-05T22:29:50.7930470+09:00","db-only","3","mysql","93","14.52","473.3MiB / 1GiB"
"2026-09-05T22:29:51.7930470+09:00","db-only","3","mysql","94","14.99","473.2MiB / 1GiB"
"2026-09-05T22:29:52.7930470+09:00","db-only","3","mysql","95","24.23","473.2MiB / 1GiB"
"2026-09-05T22:29:53.7930470+09:00","db-only","3","mysql","96","13.75","473.2MiB / 1GiB"
"2026-09-05T22:29:54.7930470+09:00","db-only","3","mysql","97","12.14","473.2MiB / 1GiB"
"2026-09-05T22:29:55.7930470+09:00","db-only","3","mysql","98","15.56","473.1MiB / 1GiB"
"2026-09-05T22:29:56.7930470+09:00","db-only","3","mysql","99","15.34","473.2MiB / 1GiB"
"2026-09-05T22:29:57.7930470+09:00","db-only","3","mysql","100","16.24","472.8MiB / 1GiB"
"2026-09-05T22:29:58.7930470+09:00","db-only","3","mysql","101","12.34","473MiB / 1GiB"
"2026-09-05T22:29:59.7930470+09:00","db-only","3","mysql","102","15.66","473MiB / 1GiB"
"2026-09-05T22:30:00.7930470+09:00","db-only","3","mysql","103","11.73","473MiB / 1GiB"
"2026-09-05T22:30:01.7930470+09:00","db-only","3","mysql","104","12.07","473.2MiB / 1GiB"
"2026-09-05T22:30:02.7930470+09:00","db-only","3","mysql","105","18.46","473.3MiB / 1GiB"
"2026-09-05T22:30:03.7930470+09:00","db-only","3","mysql","106","16.78","473.4MiB / 1GiB"
"2026-09-05T22:30:04.7930470+09:00","db-only","3","mysql","107","26.37","472.6MiB / 1GiB"
"2026-09-05T22:30:05.7930470+09:00","db-only","3","mysql","108","17.16","472.4MiB / 1GiB"
"2026-09-05T22:30:06.7930470+09:00","db-only","3","mysql","109","16.64","472.8MiB / 1GiB"
"2026-09-05T22:30:07.7930470+09:00","db-only","3","mysql","110","19.03","472.5MiB / 1GiB"
"2026-09-05T22:30:08.7930470+09:00","db-only","3","mysql","111","13.82","472.9MiB / 1GiB"
"2026-09-05T22:30:09.7930470+09:00","db-only","3","mysql","112","16.46","472.8MiB / 1GiB"
"2026-09-05T22:30:10.7930470+09:00","db-only","3","mysql","113","15.96","472.4MiB / 1GiB"
"2026-09-05T22:30:11.7930470+09:00","db-only","3","mysql","114","14.97","472.9MiB / 1GiB"
"2026-09-05T22:30:12.7930470+09:00","db-only","3","mysql","115","57.87","478.1MiB / 1GiB"
"2026-09-05T22:30:13.7930470+09:00","db-only","3","mysql","116","23.6","476.1MiB / 1GiB"
"2026-09-05T22:30:14.7930470+09:00","db-only","3","mysql","117","20.05","475.8MiB / 1GiB"
"2026-09-05T22:30:15.7930470+09:00","db-only","3","mysql","118","20.05","475.8MiB / 1GiB"
"2026-09-05T22:30:16.7930470+09:00","db-only","3","mysql","119","17.36","475.8MiB / 1GiB"
"2026-09-05T22:28:17.7930470+09:00","db-only","3","redis","0","0.78","6.414MiB / 256MiB"
"2026-09-05T22:28:18.7930470+09:00","db-only","3","redis","1","0.67","6.391MiB / 256MiB"
"2026-09-05T22:28:19.7930470+09:00","db-only","3","redis","2","0.8","6.27MiB / 256MiB"
"2026-09-05T22:28:20.7930470+09:00","db-only","3","redis","3","2.35","6.48MiB / 256MiB"
"2026-09-05T22:28:21.7930470+09:00","db-only","3","redis","4","0.71","6.465MiB / 256MiB"
"2026-09-05T22:28:22.7930470+09:00","db-only","3","redis","5","0.5","6.465MiB / 256MiB"
"2026-09-05T22:28:23.7930470+09:00","db-only","3","redis","6","0.72","6.715MiB / 256MiB"
"2026-09-05T22:28:24.7930470+09:00","db-only","3","redis","7","0.54","6.703MiB / 256MiB"
"2026-09-05T22:28:25.7930470+09:00","db-only","3","redis","8","1.43","6.668MiB / 256MiB"
"2026-09-05T22:28:26.7930470+09:00","db-only","3","redis","9","0.5","6.668MiB / 256MiB"
"2026-09-05T22:28:27.7930470+09:00","db-only","3","redis","10","0.6","6.562MiB / 256MiB"
"2026-09-05T22:28:28.7930470+09:00","db-only","3","redis","11","0.71","6.562MiB / 256MiB"
"2026-09-05T22:28:29.7930470+09:00","db-only","3","redis","12","1.22","6.559MiB / 256MiB"
"2026-09-05T22:28:30.7930470+09:00","db-only","3","redis","13","1.39","6.711MiB / 256MiB"
"2026-09-05T22:28:31.7930470+09:00","db-only","3","redis","14","0.52","6.25MiB / 256MiB"
"2026-09-05T22:28:32.7930470+09:00","db-only","3","redis","15","0.55","6.5MiB / 256MiB"
"2026-09-05T22:28:33.7930470+09:00","db-only","3","redis","16","0.62","6.496MiB / 256MiB"
"2026-09-05T22:28:34.7930470+09:00","db-only","3","redis","17","0.46","6.496MiB / 256MiB"
"2026-09-05T22:28:35.7930470+09:00","db-only","3","redis","18","1.7","6.281MiB / 256MiB"
"2026-09-05T22:28:36.7930470+09:00","db-only","3","redis","19","0.57","6.531MiB / 256MiB"
"2026-09-05T22:28:37.7930470+09:00","db-only","3","redis","20","0.74","6.781MiB / 256MiB"
"2026-09-05T22:28:38.7930470+09:00","db-only","3","redis","21","0.62","6.781MiB / 256MiB"
"2026-09-05T22:28:39.7930470+09:00","db-only","3","redis","22","0.68","7.023MiB / 256MiB"
"2026-09-05T22:28:40.7930470+09:00","db-only","3","redis","23","1.47","6.676MiB / 256MiB"
"2026-09-05T22:28:41.7930470+09:00","db-only","3","redis","24","0.66","6.285MiB / 256MiB"
"2026-09-05T22:28:42.7930470+09:00","db-only","3","redis","25","0.49","6.531MiB / 256MiB"
"2026-09-05T22:28:43.7930470+09:00","db-only","3","redis","26","0.59","6.52MiB / 256MiB"
"2026-09-05T22:28:44.7930470+09:00","db-only","3","redis","27","0.45","6.52MiB / 256MiB"
"2026-09-05T22:28:45.7930470+09:00","db-only","3","redis","28","1.31","6.414MiB / 256MiB"
"2026-09-05T22:28:46.7930470+09:00","db-only","3","redis","29","0.5","6.664MiB / 256MiB"
"2026-09-05T22:28:47.7930470+09:00","db-only","3","redis","30","0.56","6.418MiB / 256MiB"
"2026-09-05T22:28:48.7930470+09:00","db-only","3","redis","31","0.44","6.918MiB / 256MiB"
"2026-09-05T22:28:49.7930470+09:00","db-only","3","redis","32","0.73","6.914MiB / 256MiB"
"2026-09-05T22:28:50.7930470+09:00","db-only","3","redis","33","1.08","6.879MiB / 256MiB"
"2026-09-05T22:28:51.7930470+09:00","db-only","3","redis","34","0.49","6.781MiB / 256MiB"
"2026-09-05T22:28:52.7930470+09:00","db-only","3","redis","35","0.49","6.531MiB / 256MiB"
"2026-09-05T22:28:53.7930470+09:00","db-only","3","redis","36","0.49","6.531MiB / 256MiB"
"2026-09-05T22:28:54.7930470+09:00","db-only","3","redis","37","0.65","6.781MiB / 256MiB"
"2026-09-05T22:28:55.7930470+09:00","db-only","3","redis","38","1","6.656MiB / 256MiB"
"2026-09-05T22:28:56.7930470+09:00","db-only","3","redis","39","0.58","6.656MiB / 256MiB"
"2026-09-05T22:28:57.7930470+09:00","db-only","3","redis","40","0.48","6.656MiB / 256MiB"
"2026-09-05T22:28:58.7930470+09:00","db-only","3","redis","41","0.6","6.656MiB / 256MiB"
"2026-09-05T22:28:59.7930470+09:00","db-only","3","redis","42","0.79","6.656MiB / 256MiB"
"2026-09-05T22:29:00.7930470+09:00","db-only","3","redis","43","1.49","6.809MiB / 256MiB"
"2026-09-05T22:29:01.7930470+09:00","db-only","3","redis","44","0.68","6.73MiB / 256MiB"
"2026-09-05T22:29:02.7930470+09:00","db-only","3","redis","45","0.77","6.73MiB / 256MiB"
"2026-09-05T22:29:03.7930470+09:00","db-only","3","redis","46","0.74","6.535MiB / 256MiB"
"2026-09-05T22:29:04.7930470+09:00","db-only","3","redis","47","0.72","6.289MiB / 256MiB"
"2026-09-05T22:29:05.7930470+09:00","db-only","3","redis","48","1.91","6.754MiB / 256MiB"
"2026-09-05T22:29:06.7930470+09:00","db-only","3","redis","49","0.74","6.754MiB / 256MiB"
"2026-09-05T22:29:07.7930470+09:00","db-only","3","redis","50","0.6","7.004MiB / 256MiB"
"2026-09-05T22:29:08.7930470+09:00","db-only","3","redis","51","1.37","7.004MiB / 256MiB"
"2026-09-05T22:29:09.7930470+09:00","db-only","3","redis","52","1.2","7.125MiB / 256MiB"
"2026-09-05T22:29:10.7930470+09:00","db-only","3","redis","53","0.64","6.926MiB / 256MiB"
"2026-09-05T22:29:11.7930470+09:00","db-only","3","redis","54","0.66","6.195MiB / 256MiB"
"2026-09-05T22:29:12.7930470+09:00","db-only","3","redis","55","0.77","6.152MiB / 256MiB"
"2026-09-05T22:29:13.7930470+09:00","db-only","3","redis","56","0.58","6.152MiB / 256MiB"
"2026-09-05T22:29:14.7930470+09:00","db-only","3","redis","57","1.46","6.609MiB / 256MiB"
"2026-09-05T22:29:15.7930470+09:00","db-only","3","redis","58","0.53","6.602MiB / 256MiB"
"2026-09-05T22:29:16.7930470+09:00","db-only","3","redis","59","0.53","6.602MiB / 256MiB"
"2026-09-05T22:29:17.7930470+09:00","db-only","3","redis","60","0.76","6.602MiB / 256MiB"
"2026-09-05T22:29:18.7930470+09:00","db-only","3","redis","61","0.57","6.602MiB / 256MiB"
"2026-09-05T22:29:19.7930470+09:00","db-only","3","redis","62","0.76","6.598MiB / 256MiB"
"2026-09-05T22:29:20.7930470+09:00","db-only","3","redis","63","1.72","6.906MiB / 256MiB"
"2026-09-05T22:29:21.7930470+09:00","db-only","3","redis","64","1.08","6.602MiB / 256MiB"
"2026-09-05T22:29:22.7930470+09:00","db-only","3","redis","65","0.6","6.598MiB / 256MiB"
"2026-09-05T22:29:23.7930470+09:00","db-only","3","redis","66","0.62","6.348MiB / 256MiB"
"2026-09-05T22:29:24.7930470+09:00","db-only","3","redis","67","0.52","6.348MiB / 256MiB"
"2026-09-05T22:29:25.7930470+09:00","db-only","3","redis","68","1.54","6.238MiB / 256MiB"
"2026-09-05T22:29:26.7930470+09:00","db-only","3","redis","69","0.59","6.238MiB / 256MiB"
"2026-09-05T22:29:27.7930470+09:00","db-only","3","redis","70","0.57","6.238MiB / 256MiB"
"2026-09-05T22:29:28.7930470+09:00","db-only","3","redis","71","0.72","6.121MiB / 256MiB"
"2026-09-05T22:29:29.7930470+09:00","db-only","3","redis","72","0.99","6.242MiB / 256MiB"
"2026-09-05T22:29:30.7930470+09:00","db-only","3","redis","73","0.58","6.141MiB / 256MiB"
"2026-09-05T22:29:31.7930470+09:00","db-only","3","redis","74","0.59","6.391MiB / 256MiB"
"2026-09-05T22:29:32.7930470+09:00","db-only","3","redis","75","0.54","6.641MiB / 256MiB"
"2026-09-05T22:29:33.7930470+09:00","db-only","3","redis","76","0.57","6.641MiB / 256MiB"
"2026-09-05T22:29:34.7930470+09:00","db-only","3","redis","77","1.22","6.848MiB / 256MiB"
"2026-09-05T22:29:35.7930470+09:00","db-only","3","redis","78","0.77","7.344MiB / 256MiB"
"2026-09-05T22:29:36.7930470+09:00","db-only","3","redis","79","1.21","7.344MiB / 256MiB"
"2026-09-05T22:29:37.7930470+09:00","db-only","3","redis","80","1.45","7.23MiB / 256MiB"
"2026-09-05T22:29:38.7930470+09:00","db-only","3","redis","81","1.37","6.484MiB / 256MiB"
"2026-09-05T22:29:39.7930470+09:00","db-only","3","redis","82","2.9","6MiB / 256MiB"
"2026-09-05T22:29:40.7930470+09:00","db-only","3","redis","83","0.58","6.25MiB / 256MiB"
"2026-09-05T22:29:41.7930470+09:00","db-only","3","redis","84","1.44","6.25MiB / 256MiB"
"2026-09-05T22:29:42.7930470+09:00","db-only","3","redis","85","0.86","6.75MiB / 256MiB"
"2026-09-05T22:29:43.7930470+09:00","db-only","3","redis","86","0.66","6.75MiB / 256MiB"
"2026-09-05T22:29:44.7930470+09:00","db-only","3","redis","87","3.68","7.086MiB / 256MiB"
"2026-09-05T22:29:45.7930470+09:00","db-only","3","redis","88","0.94","6.996MiB / 256MiB"
"2026-09-05T22:29:46.7930470+09:00","db-only","3","redis","89","0.71","6.996MiB / 256MiB"
"2026-09-05T22:29:47.7930470+09:00","db-only","3","redis","90","0.8","6.98MiB / 256MiB"
"2026-09-05T22:29:48.7930470+09:00","db-only","3","redis","91","0.61","7.23MiB / 256MiB"
"2026-09-05T22:29:49.7930470+09:00","db-only","3","redis","92","4.39","7MiB / 256MiB"
"2026-09-05T22:29:50.7930470+09:00","db-only","3","redis","93","0.63","7MiB / 256MiB"
"2026-09-05T22:29:51.7930470+09:00","db-only","3","redis","94","0.67","7MiB / 256MiB"
"2026-09-05T22:29:52.7930470+09:00","db-only","3","redis","95","0.65","6.988MiB / 256MiB"
"2026-09-05T22:29:53.7930470+09:00","db-only","3","redis","96","0.76","6.742MiB / 256MiB"
"2026-09-05T22:29:54.7930470+09:00","db-only","3","redis","97","2.72","6.664MiB / 256MiB"
"2026-09-05T22:29:55.7930470+09:00","db-only","3","redis","98","0.9","6.664MiB / 256MiB"
"2026-09-05T22:29:56.7930470+09:00","db-only","3","redis","99","0.77","6.914MiB / 256MiB"
"2026-09-05T22:29:57.7930470+09:00","db-only","3","redis","100","0.5","6.914MiB / 256MiB"
"2026-09-05T22:29:58.7930470+09:00","db-only","3","redis","101","0.46","6.914MiB / 256MiB"
"2026-09-05T22:29:59.7930470+09:00","db-only","3","redis","102","3.01","7.27MiB / 256MiB"
"2026-09-05T22:30:00.7930470+09:00","db-only","3","redis","103","0.48","6.684MiB / 256MiB"
"2026-09-05T22:30:01.7930470+09:00","db-only","3","redis","104","0.55","6.762MiB / 256MiB"
"2026-09-05T22:30:02.7930470+09:00","db-only","3","redis","105","0.53","7.246MiB / 256MiB"
"2026-09-05T22:30:03.7930470+09:00","db-only","3","redis","106","0.82","7.457MiB / 256MiB"
"2026-09-05T22:30:04.7930470+09:00","db-only","3","redis","107","3.05","8.086MiB / 256MiB"
"2026-09-05T22:30:05.7930470+09:00","db-only","3","redis","108","0.75","8.566MiB / 256MiB"
"2026-09-05T22:30:06.7930470+09:00","db-only","3","redis","109","0.61","8.285MiB / 256MiB"
"2026-09-05T22:30:07.7930470+09:00","db-only","3","redis","110","0.58","8.535MiB / 256MiB"
"2026-09-05T22:30:08.7930470+09:00","db-only","3","redis","111","0.58","8.754MiB / 256MiB"
"2026-09-05T22:30:09.7930470+09:00","db-only","3","redis","112","3.59","11.07MiB / 256MiB"
"2026-09-05T22:30:10.7930470+09:00","db-only","3","redis","113","0.66","11.31MiB / 256MiB"
"2026-09-05T22:30:11.7930470+09:00","db-only","3","redis","114","0.67","11.56MiB / 256MiB"
"2026-09-05T22:30:12.7930470+09:00","db-only","3","redis","115","1.03","12.04MiB / 256MiB"
"2026-09-05T22:30:13.7930470+09:00","db-only","3","redis","116","0.72","11.79MiB / 256MiB"
"2026-09-05T22:30:14.7930470+09:00","db-only","3","redis","117","1.87","11.92MiB / 256MiB"
"2026-09-05T22:30:15.7930470+09:00","db-only","3","redis","118","1.87","11.92MiB / 256MiB"
"2026-09-05T22:30:16.7930470+09:00","db-only","3","redis","119","0.78","12.06MiB / 256MiB"
"2026-09-05T22:32:32.5169451+09:00","redis-normal","1","app","0","0.66","404.8MiB / 512MiB"
"2026-09-05T22:32:33.5169451+09:00","redis-normal","1","app","1","1.8","404.8MiB / 512MiB"
"2026-09-05T22:32:34.5169451+09:00","redis-normal","1","app","2","7.02","405.4MiB / 512MiB"
"2026-09-05T22:32:35.5169451+09:00","redis-normal","1","app","3","78.37","405.8MiB / 512MiB"
"2026-09-05T22:32:36.5169451+09:00","redis-normal","1","app","4","94.92","406.6MiB / 512MiB"
"2026-09-05T22:32:37.5169451+09:00","redis-normal","1","app","5","68.14","406.3MiB / 512MiB"
"2026-09-05T22:32:38.5169451+09:00","redis-normal","1","app","6","68.89","406.9MiB / 512MiB"
"2026-09-05T22:32:39.5169451+09:00","redis-normal","1","app","7","80.71","406.6MiB / 512MiB"
"2026-09-05T22:32:40.5169451+09:00","redis-normal","1","app","8","96.23","407.4MiB / 512MiB"
"2026-09-05T22:32:41.5169451+09:00","redis-normal","1","app","9","42.88","407.6MiB / 512MiB"
"2026-09-05T22:32:42.5169451+09:00","redis-normal","1","app","10","95.97","407.5MiB / 512MiB"
"2026-09-05T22:32:43.5169451+09:00","redis-normal","1","app","11","53.33","407.3MiB / 512MiB"
"2026-09-05T22:32:44.5169451+09:00","redis-normal","1","app","12","76.4","408.3MiB / 512MiB"
"2026-09-05T22:32:45.5169451+09:00","redis-normal","1","app","13","90.66","408.6MiB / 512MiB"
"2026-09-05T22:32:46.5169451+09:00","redis-normal","1","app","14","42.78","408.8MiB / 512MiB"
"2026-09-05T22:32:47.5169451+09:00","redis-normal","1","app","15","38.14","408.8MiB / 512MiB"
"2026-09-05T22:32:48.5169451+09:00","redis-normal","1","app","16","45.37","408.9MiB / 512MiB"
"2026-09-05T22:32:49.5169451+09:00","redis-normal","1","app","17","26.19","408.6MiB / 512MiB"
"2026-09-05T22:32:50.5169451+09:00","redis-normal","1","app","18","56.78","408.6MiB / 512MiB"
"2026-09-05T22:32:51.5169451+09:00","redis-normal","1","app","19","28.61","408.5MiB / 512MiB"
"2026-09-05T22:32:52.5169451+09:00","redis-normal","1","app","20","57.47","409MiB / 512MiB"
"2026-09-05T22:32:53.5169451+09:00","redis-normal","1","app","21","98.44","405.4MiB / 512MiB"
"2026-09-05T22:32:54.5169451+09:00","redis-normal","1","app","22","58.73","409.7MiB / 512MiB"
"2026-09-05T22:32:55.5169451+09:00","redis-normal","1","app","23","36.52","408.8MiB / 512MiB"
"2026-09-05T22:32:56.5169451+09:00","redis-normal","1","app","24","76.34","409.5MiB / 512MiB"
"2026-09-05T22:32:57.5169451+09:00","redis-normal","1","app","25","73.97","410MiB / 512MiB"
"2026-09-05T22:32:58.5169451+09:00","redis-normal","1","app","26","75.67","410.2MiB / 512MiB"
"2026-09-05T22:32:59.5169451+09:00","redis-normal","1","app","27","65.17","410.8MiB / 512MiB"
"2026-09-05T22:33:00.5169451+09:00","redis-normal","1","app","28","54.8","410.8MiB / 512MiB"
"2026-09-05T22:33:01.5169451+09:00","redis-normal","1","app","29","90.16","411.2MiB / 512MiB"
"2026-09-05T22:33:02.5169451+09:00","redis-normal","1","app","30","45.44","411.4MiB / 512MiB"
"2026-09-05T22:33:03.5169451+09:00","redis-normal","1","app","31","39.86","411.8MiB / 512MiB"
"2026-09-05T22:33:04.5169451+09:00","redis-normal","1","app","32","26.08","411.3MiB / 512MiB"
"2026-09-05T22:33:05.5169451+09:00","redis-normal","1","app","33","24.58","411.3MiB / 512MiB"
"2026-09-05T22:33:06.5169451+09:00","redis-normal","1","app","34","53.07","411MiB / 512MiB"
"2026-09-05T22:33:07.5169451+09:00","redis-normal","1","app","35","68.06","411.7MiB / 512MiB"
"2026-09-05T22:33:08.5169451+09:00","redis-normal","1","app","36","25.66","411.8MiB / 512MiB"
"2026-09-05T22:33:09.5169451+09:00","redis-normal","1","app","37","20.08","411.5MiB / 512MiB"
"2026-09-05T22:33:10.5169451+09:00","redis-normal","1","app","38","23.41","411.2MiB / 512MiB"
"2026-09-05T22:33:11.5169451+09:00","redis-normal","1","app","39","32.04","411.6MiB / 512MiB"
"2026-09-05T22:33:12.5169451+09:00","redis-normal","1","app","40","22.9","411.9MiB / 512MiB"
"2026-09-05T22:33:13.5169451+09:00","redis-normal","1","app","41","23.52","411.6MiB / 512MiB"
"2026-09-05T22:33:14.5169451+09:00","redis-normal","1","app","42","28.75","411.3MiB / 512MiB"
"2026-09-05T22:33:15.5169451+09:00","redis-normal","1","app","43","21.52","411.4MiB / 512MiB"
"2026-09-05T22:33:16.5169451+09:00","redis-normal","1","app","44","33.28","411.6MiB / 512MiB"
"2026-09-05T22:33:17.5169451+09:00","redis-normal","1","app","45","87.73","411.7MiB / 512MiB"
"2026-09-05T22:33:18.5169451+09:00","redis-normal","1","app","46","30.18","412.1MiB / 512MiB"
"2026-09-05T22:33:19.5169451+09:00","redis-normal","1","app","47","21.74","412.3MiB / 512MiB"
"2026-09-05T22:33:20.5169451+09:00","redis-normal","1","app","48","16.7","412MiB / 512MiB"
"2026-09-05T22:33:21.5169451+09:00","redis-normal","1","app","49","16.36","411.3MiB / 512MiB"
"2026-09-05T22:33:22.5169451+09:00","redis-normal","1","app","50","16.64","411.5MiB / 512MiB"
"2026-09-05T22:33:23.5169451+09:00","redis-normal","1","app","51","15.56","412.1MiB / 512MiB"
"2026-09-05T22:33:24.5169451+09:00","redis-normal","1","app","52","16.62","412MiB / 512MiB"
"2026-09-05T22:33:25.5169451+09:00","redis-normal","1","app","53","15.1","411.4MiB / 512MiB"
"2026-09-05T22:33:26.5169451+09:00","redis-normal","1","app","54","16.13","411.7MiB / 512MiB"
"2026-09-05T22:33:27.5169451+09:00","redis-normal","1","app","55","21.05","411.5MiB / 512MiB"
"2026-09-05T22:33:28.5169451+09:00","redis-normal","1","app","56","19","412.3MiB / 512MiB"
"2026-09-05T22:33:29.5169451+09:00","redis-normal","1","app","57","19.64","412.1MiB / 512MiB"
"2026-09-05T22:33:30.5169451+09:00","redis-normal","1","app","58","15.98","412.3MiB / 512MiB"
"2026-09-05T22:33:31.5169451+09:00","redis-normal","1","app","59","18.39","412.1MiB / 512MiB"
"2026-09-05T22:33:32.5169451+09:00","redis-normal","1","app","60","29.46","412MiB / 512MiB"
"2026-09-05T22:33:33.5169451+09:00","redis-normal","1","app","61","30.35","411.8MiB / 512MiB"
"2026-09-05T22:33:34.5169451+09:00","redis-normal","1","app","62","30.59","412MiB / 512MiB"
"2026-09-05T22:33:35.5169451+09:00","redis-normal","1","app","63","15.53","412.6MiB / 512MiB"
"2026-09-05T22:33:36.5169451+09:00","redis-normal","1","app","64","14.51","412.5MiB / 512MiB"
"2026-09-05T22:33:37.5169451+09:00","redis-normal","1","app","65","16.59","412MiB / 512MiB"
"2026-09-05T22:33:38.5169451+09:00","redis-normal","1","app","66","15.77","412.2MiB / 512MiB"
"2026-09-05T22:33:39.5169451+09:00","redis-normal","1","app","67","18.97","412.4MiB / 512MiB"
"2026-09-05T22:33:40.5169451+09:00","redis-normal","1","app","68","18.65","412.1MiB / 512MiB"
"2026-09-05T22:33:41.5169451+09:00","redis-normal","1","app","69","18.42","411.7MiB / 512MiB"
"2026-09-05T22:33:42.5169451+09:00","redis-normal","1","app","70","15.28","412.2MiB / 512MiB"
"2026-09-05T22:33:43.5169451+09:00","redis-normal","1","app","71","14.31","412.3MiB / 512MiB"
"2026-09-05T22:33:44.5169451+09:00","redis-normal","1","app","72","13.91","412.3MiB / 512MiB"
"2026-09-05T22:33:45.5169451+09:00","redis-normal","1","app","73","32.89","411.6MiB / 512MiB"
"2026-09-05T22:33:46.5169451+09:00","redis-normal","1","app","74","14.09","412.2MiB / 512MiB"
"2026-09-05T22:33:47.5169451+09:00","redis-normal","1","app","75","15.03","412.2MiB / 512MiB"
"2026-09-05T22:33:48.5169451+09:00","redis-normal","1","app","76","25.43","412.2MiB / 512MiB"
"2026-09-05T22:33:49.5169451+09:00","redis-normal","1","app","77","29.71","412.6MiB / 512MiB"
"2026-09-05T22:33:50.5169451+09:00","redis-normal","1","app","78","13.95","412.4MiB / 512MiB"
"2026-09-05T22:33:51.5169451+09:00","redis-normal","1","app","79","13.97","412.5MiB / 512MiB"
"2026-09-05T22:33:52.5169451+09:00","redis-normal","1","app","80","15.82","412.6MiB / 512MiB"
"2026-09-05T22:33:53.5169451+09:00","redis-normal","1","app","81","13.64","412.2MiB / 512MiB"
"2026-09-05T22:33:54.5169451+09:00","redis-normal","1","app","82","12.93","412.1MiB / 512MiB"
"2026-09-05T22:33:55.5169451+09:00","redis-normal","1","app","83","12.34","412.6MiB / 512MiB"
"2026-09-05T22:33:56.5169451+09:00","redis-normal","1","app","84","13.14","412.2MiB / 512MiB"
"2026-09-05T22:33:57.5169451+09:00","redis-normal","1","app","85","13.11","412.4MiB / 512MiB"
"2026-09-05T22:33:58.5169451+09:00","redis-normal","1","app","86","12.65","411.8MiB / 512MiB"
"2026-09-05T22:33:59.5169451+09:00","redis-normal","1","app","87","12.84","412.4MiB / 512MiB"
"2026-09-05T22:34:00.5169451+09:00","redis-normal","1","app","88","13.5","412.4MiB / 512MiB"
"2026-09-05T22:34:01.5169451+09:00","redis-normal","1","app","89","12.96","412.7MiB / 512MiB"
"2026-09-05T22:34:02.5169451+09:00","redis-normal","1","app","90","12.88","412.1MiB / 512MiB"
"2026-09-05T22:34:03.5169451+09:00","redis-normal","1","app","91","12.77","412.4MiB / 512MiB"
"2026-09-05T22:34:04.5169451+09:00","redis-normal","1","app","92","13.84","412.4MiB / 512MiB"
"2026-09-05T22:34:05.5169451+09:00","redis-normal","1","app","93","15.03","412.4MiB / 512MiB"
"2026-09-05T22:34:06.5169451+09:00","redis-normal","1","app","94","13.56","412.3MiB / 512MiB"
"2026-09-05T22:34:07.5169451+09:00","redis-normal","1","app","95","13","411.7MiB / 512MiB"
"2026-09-05T22:34:08.5169451+09:00","redis-normal","1","app","96","13.72","412.5MiB / 512MiB"
"2026-09-05T22:34:09.5169451+09:00","redis-normal","1","app","97","12.36","412.2MiB / 512MiB"
"2026-09-05T22:34:10.5169451+09:00","redis-normal","1","app","98","12.63","412.2MiB / 512MiB"
"2026-09-05T22:34:11.5169451+09:00","redis-normal","1","app","99","12.06","412.4MiB / 512MiB"
"2026-09-05T22:34:12.5169451+09:00","redis-normal","1","app","100","12.67","412.5MiB / 512MiB"
"2026-09-05T22:34:13.5169451+09:00","redis-normal","1","app","101","14.44","412.3MiB / 512MiB"
"2026-09-05T22:34:14.5169451+09:00","redis-normal","1","app","102","18.56","412.1MiB / 512MiB"
"2026-09-05T22:34:15.5169451+09:00","redis-normal","1","app","103","14.52","412.8MiB / 512MiB"
"2026-09-05T22:34:16.5169451+09:00","redis-normal","1","app","104","11.58","412MiB / 512MiB"
"2026-09-05T22:34:17.5169451+09:00","redis-normal","1","app","105","19.97","412.6MiB / 512MiB"
"2026-09-05T22:34:18.5169451+09:00","redis-normal","1","app","106","18.86","412MiB / 512MiB"
"2026-09-05T22:34:19.5169451+09:00","redis-normal","1","app","107","18.4","412.5MiB / 512MiB"
"2026-09-05T22:34:20.5169451+09:00","redis-normal","1","app","108","14.66","411.9MiB / 512MiB"
"2026-09-05T22:34:21.5169451+09:00","redis-normal","1","app","109","13.25","412.1MiB / 512MiB"
"2026-09-05T22:34:22.5169451+09:00","redis-normal","1","app","110","15.1","412.3MiB / 512MiB"
"2026-09-05T22:34:23.5169451+09:00","redis-normal","1","app","111","12.7","412.6MiB / 512MiB"
"2026-09-05T22:34:24.5169451+09:00","redis-normal","1","app","112","11.25","412.5MiB / 512MiB"
"2026-09-05T22:34:25.5169451+09:00","redis-normal","1","app","113","11.71","412.2MiB / 512MiB"
"2026-09-05T22:34:26.5169451+09:00","redis-normal","1","app","114","11.44","412.3MiB / 512MiB"
"2026-09-05T22:34:27.5169451+09:00","redis-normal","1","app","115","12.44","412.4MiB / 512MiB"
"2026-09-05T22:34:28.5169451+09:00","redis-normal","1","app","116","15.6","412.3MiB / 512MiB"
"2026-09-05T22:34:29.5169451+09:00","redis-normal","1","app","117","16.49","412.4MiB / 512MiB"
"2026-09-05T22:34:30.5169451+09:00","redis-normal","1","app","118","15.14","412.4MiB / 512MiB"
"2026-09-05T22:34:31.5169451+09:00","redis-normal","1","app","119","15.14","412.4MiB / 512MiB"
"2026-09-05T22:32:32.5169451+09:00","redis-normal","1","mysql","0","4.28","487.9MiB / 1GiB"
"2026-09-05T22:32:33.5169451+09:00","redis-normal","1","mysql","1","2.61","487.9MiB / 1GiB"
"2026-09-05T22:32:34.5169451+09:00","redis-normal","1","mysql","2","1.15","487.6MiB / 1GiB"
"2026-09-05T22:32:35.5169451+09:00","redis-normal","1","mysql","3","1.08","487.6MiB / 1GiB"
"2026-09-05T22:32:36.5169451+09:00","redis-normal","1","mysql","4","1.26","487.3MiB / 1GiB"
"2026-09-05T22:32:37.5169451+09:00","redis-normal","1","mysql","5","8.36","488MiB / 1GiB"
"2026-09-05T22:32:38.5169451+09:00","redis-normal","1","mysql","6","1.13","487.8MiB / 1GiB"
"2026-09-05T22:32:39.5169451+09:00","redis-normal","1","mysql","7","1.28","487.8MiB / 1GiB"
"2026-09-05T22:32:40.5169451+09:00","redis-normal","1","mysql","8","1.09","487.6MiB / 1GiB"
"2026-09-05T22:32:41.5169451+09:00","redis-normal","1","mysql","9","0.86","487.8MiB / 1GiB"
"2026-09-05T22:32:42.5169451+09:00","redis-normal","1","mysql","10","12.8","487.8MiB / 1GiB"
"2026-09-05T22:32:43.5169451+09:00","redis-normal","1","mysql","11","1.14","487.8MiB / 1GiB"
"2026-09-05T22:32:44.5169451+09:00","redis-normal","1","mysql","12","1.69","487.6MiB / 1GiB"
"2026-09-05T22:32:45.5169451+09:00","redis-normal","1","mysql","13","1.06","487.6MiB / 1GiB"
"2026-09-05T22:32:46.5169451+09:00","redis-normal","1","mysql","14","1.43","487.3MiB / 1GiB"
"2026-09-05T22:32:47.5169451+09:00","redis-normal","1","mysql","15","7.13","487.9MiB / 1GiB"
"2026-09-05T22:32:48.5169451+09:00","redis-normal","1","mysql","16","0.85","487.5MiB / 1GiB"
"2026-09-05T22:32:49.5169451+09:00","redis-normal","1","mysql","17","0.86","487.5MiB / 1GiB"
"2026-09-05T22:32:50.5169451+09:00","redis-normal","1","mysql","18","0.99","487.5MiB / 1GiB"
"2026-09-05T22:32:51.5169451+09:00","redis-normal","1","mysql","19","1.01","487.7MiB / 1GiB"
"2026-09-05T22:32:52.5169451+09:00","redis-normal","1","mysql","20","10.61","487.3MiB / 1GiB"
"2026-09-05T22:32:53.5169451+09:00","redis-normal","1","mysql","21","1.77","487.3MiB / 1GiB"
"2026-09-05T22:32:54.5169451+09:00","redis-normal","1","mysql","22","0.88","487.3MiB / 1GiB"
"2026-09-05T22:32:55.5169451+09:00","redis-normal","1","mysql","23","0.88","487.3MiB / 1GiB"
"2026-09-05T22:32:56.5169451+09:00","redis-normal","1","mysql","24","0.93","487.3MiB / 1GiB"
"2026-09-05T22:32:57.5169451+09:00","redis-normal","1","mysql","25","4.84","488MiB / 1GiB"
"2026-09-05T22:32:58.5169451+09:00","redis-normal","1","mysql","26","0.89","488MiB / 1GiB"
"2026-09-05T22:32:59.5169451+09:00","redis-normal","1","mysql","27","1.04","487.8MiB / 1GiB"
"2026-09-05T22:33:00.5169451+09:00","redis-normal","1","mysql","28","0.97","487.8MiB / 1GiB"
"2026-09-05T22:33:01.5169451+09:00","redis-normal","1","mysql","29","0.91","487.5MiB / 1GiB"
"2026-09-05T22:33:02.5169451+09:00","redis-normal","1","mysql","30","11.77","488MiB / 1GiB"
"2026-09-05T22:33:03.5169451+09:00","redis-normal","1","mysql","31","1.08","487.8MiB / 1GiB"
"2026-09-05T22:33:04.5169451+09:00","redis-normal","1","mysql","32","0.86","487.6MiB / 1GiB"
"2026-09-05T22:33:05.5169451+09:00","redis-normal","1","mysql","33","0.99","487.3MiB / 1GiB"
"2026-09-05T22:33:06.5169451+09:00","redis-normal","1","mysql","34","0.88","487.3MiB / 1GiB"
"2026-09-05T22:33:07.5169451+09:00","redis-normal","1","mysql","35","3.96","487.9MiB / 1GiB"
"2026-09-05T22:33:08.5169451+09:00","redis-normal","1","mysql","36","0.88","487.6MiB / 1GiB"
"2026-09-05T22:33:09.5169451+09:00","redis-normal","1","mysql","37","0.98","487.6MiB / 1GiB"
"2026-09-05T22:33:10.5169451+09:00","redis-normal","1","mysql","38","0.76","487.3MiB / 1GiB"
"2026-09-05T22:33:11.5169451+09:00","redis-normal","1","mysql","39","0.88","487.3MiB / 1GiB"
"2026-09-05T22:33:12.5169451+09:00","redis-normal","1","mysql","40","13.29","487.7MiB / 1GiB"
"2026-09-05T22:33:13.5169451+09:00","redis-normal","1","mysql","41","1","487.6MiB / 1GiB"
"2026-09-05T22:33:14.5169451+09:00","redis-normal","1","mysql","42","0.94","487.6MiB / 1GiB"
"2026-09-05T22:33:15.5169451+09:00","redis-normal","1","mysql","43","0.99","487.6MiB / 1GiB"
"2026-09-05T22:33:16.5169451+09:00","redis-normal","1","mysql","44","0.83","487.6MiB / 1GiB"
"2026-09-05T22:33:17.5169451+09:00","redis-normal","1","mysql","45","5.59","488.1MiB / 1GiB"
"2026-09-05T22:33:18.5169451+09:00","redis-normal","1","mysql","46","0.8","488.1MiB / 1GiB"
"2026-09-05T22:33:19.5169451+09:00","redis-normal","1","mysql","47","0.75","487.6MiB / 1GiB"
"2026-09-05T22:33:20.5169451+09:00","redis-normal","1","mysql","48","0.78","487.6MiB / 1GiB"
"2026-09-05T22:33:21.5169451+09:00","redis-normal","1","mysql","49","0.93","487.3MiB / 1GiB"
"2026-09-05T22:33:22.5169451+09:00","redis-normal","1","mysql","50","3.68","487.7MiB / 1GiB"
"2026-09-05T22:33:23.5169451+09:00","redis-normal","1","mysql","51","0.85","487.5MiB / 1GiB"
"2026-09-05T22:33:24.5169451+09:00","redis-normal","1","mysql","52","0.99","487.5MiB / 1GiB"
"2026-09-05T22:33:25.5169451+09:00","redis-normal","1","mysql","53","1.02","487.3MiB / 1GiB"
"2026-09-05T22:33:26.5169451+09:00","redis-normal","1","mysql","54","0.9","487.3MiB / 1GiB"
"2026-09-05T22:33:27.5169451+09:00","redis-normal","1","mysql","55","3.75","488.2MiB / 1GiB"
"2026-09-05T22:33:28.5169451+09:00","redis-normal","1","mysql","56","0.87","488MiB / 1GiB"
"2026-09-05T22:33:29.5169451+09:00","redis-normal","1","mysql","57","0.98","487.5MiB / 1GiB"
"2026-09-05T22:33:30.5169451+09:00","redis-normal","1","mysql","58","0.83","487.5MiB / 1GiB"
"2026-09-05T22:33:31.5169451+09:00","redis-normal","1","mysql","59","1.21","487.3MiB / 1GiB"
"2026-09-05T22:33:32.5169451+09:00","redis-normal","1","mysql","60","6.31","487.7MiB / 1GiB"
"2026-09-05T22:33:33.5169451+09:00","redis-normal","1","mysql","61","1.54","487.3MiB / 1GiB"
"2026-09-05T22:33:34.5169451+09:00","redis-normal","1","mysql","62","1.87","487.3MiB / 1GiB"
"2026-09-05T22:33:35.5169451+09:00","redis-normal","1","mysql","63","0.79","487.3MiB / 1GiB"
"2026-09-05T22:33:36.5169451+09:00","redis-normal","1","mysql","64","0.86","487.3MiB / 1GiB"
"2026-09-05T22:33:37.5169451+09:00","redis-normal","1","mysql","65","3.67","488MiB / 1GiB"
"2026-09-05T22:33:38.5169451+09:00","redis-normal","1","mysql","66","0.93","487.8MiB / 1GiB"
"2026-09-05T22:33:39.5169451+09:00","redis-normal","1","mysql","67","0.92","487.3MiB / 1GiB"
"2026-09-05T22:33:40.5169451+09:00","redis-normal","1","mysql","68","1.01","487.3MiB / 1GiB"
"2026-09-05T22:33:41.5169451+09:00","redis-normal","1","mysql","69","0.84","487.3MiB / 1GiB"
"2026-09-05T22:33:42.5169451+09:00","redis-normal","1","mysql","70","3.74","487.9MiB / 1GiB"
"2026-09-05T22:33:43.5169451+09:00","redis-normal","1","mysql","71","0.79","487.6MiB / 1GiB"
"2026-09-05T22:33:44.5169451+09:00","redis-normal","1","mysql","72","0.76","487.6MiB / 1GiB"
"2026-09-05T22:33:45.5169451+09:00","redis-normal","1","mysql","73","0.7","487.3MiB / 1GiB"
"2026-09-05T22:33:46.5169451+09:00","redis-normal","1","mysql","74","0.78","487.3MiB / 1GiB"
"2026-09-05T22:33:47.5169451+09:00","redis-normal","1","mysql","75","3.75","487.9MiB / 1GiB"
"2026-09-05T22:33:48.5169451+09:00","redis-normal","1","mysql","76","0.95","487.9MiB / 1GiB"
"2026-09-05T22:33:49.5169451+09:00","redis-normal","1","mysql","77","0.81","487.9MiB / 1GiB"
"2026-09-05T22:33:50.5169451+09:00","redis-normal","1","mysql","78","0.71","487.8MiB / 1GiB"
"2026-09-05T22:33:51.5169451+09:00","redis-normal","1","mysql","79","0.72","487.8MiB / 1GiB"
"2026-09-05T22:33:52.5169451+09:00","redis-normal","1","mysql","80","3.95","488.2MiB / 1GiB"
"2026-09-05T22:33:53.5169451+09:00","redis-normal","1","mysql","81","0.76","487.9MiB / 1GiB"
"2026-09-05T22:33:54.5169451+09:00","redis-normal","1","mysql","82","0.72","487.6MiB / 1GiB"
"2026-09-05T22:33:55.5169451+09:00","redis-normal","1","mysql","83","0.75","487.5MiB / 1GiB"
"2026-09-05T22:33:56.5169451+09:00","redis-normal","1","mysql","84","0.7","487.5MiB / 1GiB"
"2026-09-05T22:33:57.5169451+09:00","redis-normal","1","mysql","85","3.97","487.7MiB / 1GiB"
"2026-09-05T22:33:58.5169451+09:00","redis-normal","1","mysql","86","0.76","487.3MiB / 1GiB"
"2026-09-05T22:33:59.5169451+09:00","redis-normal","1","mysql","87","0.78","487.3MiB / 1GiB"
"2026-09-05T22:34:00.5169451+09:00","redis-normal","1","mysql","88","0.8","487.3MiB / 1GiB"
"2026-09-05T22:34:01.5169451+09:00","redis-normal","1","mysql","89","0.75","487.3MiB / 1GiB"
"2026-09-05T22:34:02.5169451+09:00","redis-normal","1","mysql","90","3.44","490.5MiB / 1GiB"
"2026-09-05T22:34:03.5169451+09:00","redis-normal","1","mysql","91","1.11","487.4MiB / 1GiB"
"2026-09-05T22:34:04.5169451+09:00","redis-normal","1","mysql","92","0.79","487.3MiB / 1GiB"
"2026-09-05T22:34:05.5169451+09:00","redis-normal","1","mysql","93","0.95","487.3MiB / 1GiB"
"2026-09-05T22:34:06.5169451+09:00","redis-normal","1","mysql","94","0.82","487.3MiB / 1GiB"
"2026-09-05T22:34:07.5169451+09:00","redis-normal","1","mysql","95","3.67","488.2MiB / 1GiB"
"2026-09-05T22:34:08.5169451+09:00","redis-normal","1","mysql","96","0.8","487.3MiB / 1GiB"
"2026-09-05T22:34:09.5169451+09:00","redis-normal","1","mysql","97","0.67","487.3MiB / 1GiB"
"2026-09-05T22:34:10.5169451+09:00","redis-normal","1","mysql","98","0.68","487.3MiB / 1GiB"
"2026-09-05T22:34:11.5169451+09:00","redis-normal","1","mysql","99","0.66","487.3MiB / 1GiB"
"2026-09-05T22:34:12.5169451+09:00","redis-normal","1","mysql","100","1.45","488.9MiB / 1GiB"
"2026-09-05T22:34:13.5169451+09:00","redis-normal","1","mysql","101","3.54","488.1MiB / 1GiB"
"2026-09-05T22:34:14.5169451+09:00","redis-normal","1","mysql","102","0.96","487.3MiB / 1GiB"
"2026-09-05T22:34:15.5169451+09:00","redis-normal","1","mysql","103","0.82","487.3MiB / 1GiB"
"2026-09-05T22:34:16.5169451+09:00","redis-normal","1","mysql","104","0.62","487.3MiB / 1GiB"
"2026-09-05T22:34:17.5169451+09:00","redis-normal","1","mysql","105","1.82","487.3MiB / 1GiB"
"2026-09-05T22:34:18.5169451+09:00","redis-normal","1","mysql","106","8.62","487.6MiB / 1GiB"
"2026-09-05T22:34:19.5169451+09:00","redis-normal","1","mysql","107","1.04","487.6MiB / 1GiB"
"2026-09-05T22:34:20.5169451+09:00","redis-normal","1","mysql","108","0.72","487.3MiB / 1GiB"
"2026-09-05T22:34:21.5169451+09:00","redis-normal","1","mysql","109","0.72","487.3MiB / 1GiB"
"2026-09-05T22:34:22.5169451+09:00","redis-normal","1","mysql","110","0.78","487.3MiB / 1GiB"
"2026-09-05T22:34:23.5169451+09:00","redis-normal","1","mysql","111","3.36","487.7MiB / 1GiB"
"2026-09-05T22:34:24.5169451+09:00","redis-normal","1","mysql","112","0.65","487.8MiB / 1GiB"
"2026-09-05T22:34:25.5169451+09:00","redis-normal","1","mysql","113","0.67","487.6MiB / 1GiB"
"2026-09-05T22:34:26.5169451+09:00","redis-normal","1","mysql","114","0.61","487.3MiB / 1GiB"
"2026-09-05T22:34:27.5169451+09:00","redis-normal","1","mysql","115","0.68","487.3MiB / 1GiB"
"2026-09-05T22:34:28.5169451+09:00","redis-normal","1","mysql","116","3.25","487.7MiB / 1GiB"
"2026-09-05T22:34:29.5169451+09:00","redis-normal","1","mysql","117","0.99","487.5MiB / 1GiB"
"2026-09-05T22:34:30.5169451+09:00","redis-normal","1","mysql","118","0.83","487.3MiB / 1GiB"
"2026-09-05T22:34:31.5169451+09:00","redis-normal","1","mysql","119","0.77","487.3MiB / 1GiB"
"2026-09-05T22:32:32.5169451+09:00","redis-normal","1","redis","0","0.37","21.18MiB / 256MiB"
"2026-09-05T22:32:33.5169451+09:00","redis-normal","1","redis","1","0.58","20.91MiB / 256MiB"
"2026-09-05T22:32:34.5169451+09:00","redis-normal","1","redis","2","0.9","21.43MiB / 256MiB"
"2026-09-05T22:32:35.5169451+09:00","redis-normal","1","redis","3","2.03","21.66MiB / 256MiB"
"2026-09-05T22:32:36.5169451+09:00","redis-normal","1","redis","4","2.9","21.66MiB / 256MiB"
"2026-09-05T22:32:37.5169451+09:00","redis-normal","1","redis","5","4","22.02MiB / 256MiB"
"2026-09-05T22:32:38.5169451+09:00","redis-normal","1","redis","6","2.42","21.18MiB / 256MiB"
"2026-09-05T22:32:39.5169451+09:00","redis-normal","1","redis","7","2.16","21.42MiB / 256MiB"
"2026-09-05T22:32:40.5169451+09:00","redis-normal","1","redis","8","2.3","21.91MiB / 256MiB"
"2026-09-05T22:32:41.5169451+09:00","redis-normal","1","redis","9","2.05","22.16MiB / 256MiB"
"2026-09-05T22:32:42.5169451+09:00","redis-normal","1","redis","10","8.2","21.44MiB / 256MiB"
"2026-09-05T22:32:43.5169451+09:00","redis-normal","1","redis","11","2.42","21.2MiB / 256MiB"
"2026-09-05T22:32:44.5169451+09:00","redis-normal","1","redis","12","2.14","21.93MiB / 256MiB"
"2026-09-05T22:32:45.5169451+09:00","redis-normal","1","redis","13","2.3","20.95MiB / 256MiB"
"2026-09-05T22:32:46.5169451+09:00","redis-normal","1","redis","14","2.56","21.18MiB / 256MiB"
"2026-09-05T22:32:47.5169451+09:00","redis-normal","1","redis","15","3.18","21.29MiB / 256MiB"
"2026-09-05T22:32:48.5169451+09:00","redis-normal","1","redis","16","2.28","21.18MiB / 256MiB"
"2026-09-05T22:32:49.5169451+09:00","redis-normal","1","redis","17","2.02","21.42MiB / 256MiB"
"2026-09-05T22:32:50.5169451+09:00","redis-normal","1","redis","18","2.27","21.18MiB / 256MiB"
"2026-09-05T22:32:51.5169451+09:00","redis-normal","1","redis","19","2.17","21.92MiB / 256MiB"
"2026-09-05T22:32:52.5169451+09:00","redis-normal","1","redis","20","3.33","21.92MiB / 256MiB"
"2026-09-05T22:32:53.5169451+09:00","redis-normal","1","redis","21","2.19","21.91MiB / 256MiB"
"2026-09-05T22:32:54.5169451+09:00","redis-normal","1","redis","22","2.33","21.43MiB / 256MiB"
"2026-09-05T22:32:55.5169451+09:00","redis-normal","1","redis","23","2.35","21.67MiB / 256MiB"
"2026-09-05T22:32:56.5169451+09:00","redis-normal","1","redis","24","2.05","22.16MiB / 256MiB"
"2026-09-05T22:32:57.5169451+09:00","redis-normal","1","redis","25","3.24","21.62MiB / 256MiB"
"2026-09-05T22:32:58.5169451+09:00","redis-normal","1","redis","26","2.03","21.37MiB / 256MiB"
"2026-09-05T22:32:59.5169451+09:00","redis-normal","1","redis","27","1.99","21.6MiB / 256MiB"
"2026-09-05T22:33:00.5169451+09:00","redis-normal","1","redis","28","2.28","21.45MiB / 256MiB"
"2026-09-05T22:33:01.5169451+09:00","redis-normal","1","redis","29","2.36","21.43MiB / 256MiB"
"2026-09-05T22:33:02.5169451+09:00","redis-normal","1","redis","30","3.57","21.23MiB / 256MiB"
"2026-09-05T22:33:03.5169451+09:00","redis-normal","1","redis","31","2.46","21.45MiB / 256MiB"
"2026-09-05T22:33:04.5169451+09:00","redis-normal","1","redis","32","2.23","21.42MiB / 256MiB"
"2026-09-05T22:33:05.5169451+09:00","redis-normal","1","redis","33","2.52","21.66MiB / 256MiB"
"2026-09-05T22:33:06.5169451+09:00","redis-normal","1","redis","34","1.98","22.16MiB / 256MiB"
"2026-09-05T22:33:07.5169451+09:00","redis-normal","1","redis","35","2.57","22.52MiB / 256MiB"
"2026-09-05T22:33:08.5169451+09:00","redis-normal","1","redis","36","2.29","21.54MiB / 256MiB"
"2026-09-05T22:33:09.5169451+09:00","redis-normal","1","redis","37","2.5","21.54MiB / 256MiB"
"2026-09-05T22:33:10.5169451+09:00","redis-normal","1","redis","38","2.04","21.78MiB / 256MiB"
"2026-09-05T22:33:11.5169451+09:00","redis-normal","1","redis","39","2.06","21.53MiB / 256MiB"
"2026-09-05T22:33:12.5169451+09:00","redis-normal","1","redis","40","3.01","21.91MiB / 256MiB"
"2026-09-05T22:33:13.5169451+09:00","redis-normal","1","redis","41","2.19","21.42MiB / 256MiB"
"2026-09-05T22:33:14.5169451+09:00","redis-normal","1","redis","42","2.3","21.67MiB / 256MiB"
"2026-09-05T22:33:15.5169451+09:00","redis-normal","1","redis","43","2.3","22.16MiB / 256MiB"
"2026-09-05T22:33:16.5169451+09:00","redis-normal","1","redis","44","2.2","21.67MiB / 256MiB"
"2026-09-05T22:33:17.5169451+09:00","redis-normal","1","redis","45","2.82","21.42MiB / 256MiB"
"2026-09-05T22:33:18.5169451+09:00","redis-normal","1","redis","46","1.94","21.92MiB / 256MiB"
"2026-09-05T22:33:19.5169451+09:00","redis-normal","1","redis","47","1.95","21.18MiB / 256MiB"
"2026-09-05T22:33:20.5169451+09:00","redis-normal","1","redis","48","2.14","21.42MiB / 256MiB"
"2026-09-05T22:33:21.5169451+09:00","redis-normal","1","redis","49","2.19","21.43MiB / 256MiB"
"2026-09-05T22:33:22.5169451+09:00","redis-normal","1","redis","50","2.83","21.62MiB / 256MiB"
"2026-09-05T22:33:23.5169451+09:00","redis-normal","1","redis","51","1.97","21.18MiB / 256MiB"
"2026-09-05T22:33:24.5169451+09:00","redis-normal","1","redis","52","2.53","21.43MiB / 256MiB"
"2026-09-05T22:33:25.5169451+09:00","redis-normal","1","redis","53","2.07","21.67MiB / 256MiB"
"2026-09-05T22:33:26.5169451+09:00","redis-normal","1","redis","54","2.25","21.91MiB / 256MiB"
"2026-09-05T22:33:27.5169451+09:00","redis-normal","1","redis","55","2.7","21.24MiB / 256MiB"
"2026-09-05T22:33:28.5169451+09:00","redis-normal","1","redis","56","2.21","21.91MiB / 256MiB"
"2026-09-05T22:33:29.5169451+09:00","redis-normal","1","redis","57","2.09","21.66MiB / 256MiB"
"2026-09-05T22:33:30.5169451+09:00","redis-normal","1","redis","58","2.07","21.18MiB / 256MiB"
"2026-09-05T22:33:31.5169451+09:00","redis-normal","1","redis","59","2.29","21.67MiB / 256MiB"
"2026-09-05T22:33:32.5169451+09:00","redis-normal","1","redis","60","6.3","21.65MiB / 256MiB"
"2026-09-05T22:33:33.5169451+09:00","redis-normal","1","redis","61","2.47","21.42MiB / 256MiB"
"2026-09-05T22:33:34.5169451+09:00","redis-normal","1","redis","62","3.19","21.93MiB / 256MiB"
"2026-09-05T22:33:35.5169451+09:00","redis-normal","1","redis","63","1.97","21.67MiB / 256MiB"
"2026-09-05T22:33:36.5169451+09:00","redis-normal","1","redis","64","2.01","21.18MiB / 256MiB"
"2026-09-05T22:33:37.5169451+09:00","redis-normal","1","redis","65","2.77","21.93MiB / 256MiB"
"2026-09-05T22:33:38.5169451+09:00","redis-normal","1","redis","66","2.36","21.93MiB / 256MiB"
"2026-09-05T22:33:39.5169451+09:00","redis-normal","1","redis","67","3.41","21.91MiB / 256MiB"
"2026-09-05T22:33:40.5169451+09:00","redis-normal","1","redis","68","2.27","21.18MiB / 256MiB"
"2026-09-05T22:33:41.5169451+09:00","redis-normal","1","redis","69","2.05","21.67MiB / 256MiB"
"2026-09-05T22:33:42.5169451+09:00","redis-normal","1","redis","70","2.63","21.29MiB / 256MiB"
"2026-09-05T22:33:43.5169451+09:00","redis-normal","1","redis","71","1.9","21.18MiB / 256MiB"
"2026-09-05T22:33:44.5169451+09:00","redis-normal","1","redis","72","1.95","21.42MiB / 256MiB"
"2026-09-05T22:33:45.5169451+09:00","redis-normal","1","redis","73","1.89","21.92MiB / 256MiB"
"2026-09-05T22:33:46.5169451+09:00","redis-normal","1","redis","74","1.96","21.91MiB / 256MiB"
"2026-09-05T22:33:47.5169451+09:00","redis-normal","1","redis","75","2.65","21.42MiB / 256MiB"
"2026-09-05T22:33:48.5169451+09:00","redis-normal","1","redis","76","2.13","22.16MiB / 256MiB"
"2026-09-05T22:33:49.5169451+09:00","redis-normal","1","redis","77","2.09","21.67MiB / 256MiB"
"2026-09-05T22:33:50.5169451+09:00","redis-normal","1","redis","78","1.98","21.43MiB / 256MiB"
"2026-09-05T22:33:51.5169451+09:00","redis-normal","1","redis","79","2.02","21.66MiB / 256MiB"
"2026-09-05T22:33:52.5169451+09:00","redis-normal","1","redis","80","2.66","21.18MiB / 256MiB"
"2026-09-05T22:33:53.5169451+09:00","redis-normal","1","redis","81","1.93","21.67MiB / 256MiB"
"2026-09-05T22:33:54.5169451+09:00","redis-normal","1","redis","82","2.02","21.91MiB / 256MiB"
"2026-09-05T22:33:55.5169451+09:00","redis-normal","1","redis","83","1.92","21.91MiB / 256MiB"
"2026-09-05T22:33:56.5169451+09:00","redis-normal","1","redis","84","1.99","21.91MiB / 256MiB"
"2026-09-05T22:33:57.5169451+09:00","redis-normal","1","redis","85","2.75","21.91MiB / 256MiB"
"2026-09-05T22:33:58.5169451+09:00","redis-normal","1","redis","86","1.9","21.91MiB / 256MiB"
"2026-09-05T22:33:59.5169451+09:00","redis-normal","1","redis","87","1.94","21.91MiB / 256MiB"
"2026-09-05T22:34:00.5169451+09:00","redis-normal","1","redis","88","1.88","22.16MiB / 256MiB"
"2026-09-05T22:34:01.5169451+09:00","redis-normal","1","redis","89","1.85","21.66MiB / 256MiB"
"2026-09-05T22:34:02.5169451+09:00","redis-normal","1","redis","90","2.55","21.68MiB / 256MiB"
"2026-09-05T22:34:03.5169451+09:00","redis-normal","1","redis","91","1.97","21.68MiB / 256MiB"
"2026-09-05T22:34:04.5169451+09:00","redis-normal","1","redis","92","1.96","21.91MiB / 256MiB"
"2026-09-05T22:34:05.5169451+09:00","redis-normal","1","redis","93","2.59","21.66MiB / 256MiB"
"2026-09-05T22:34:06.5169451+09:00","redis-normal","1","redis","94","2.12","21.17MiB / 256MiB"
"2026-09-05T22:34:07.5169451+09:00","redis-normal","1","redis","95","2.72","21.26MiB / 256MiB"
"2026-09-05T22:34:08.5169451+09:00","redis-normal","1","redis","96","2.25","22MiB / 256MiB"
"2026-09-05T22:34:09.5169451+09:00","redis-normal","1","redis","97","1.82","21.98MiB / 256MiB"
"2026-09-05T22:34:10.5169451+09:00","redis-normal","1","redis","98","1.82","21.41MiB / 256MiB"
"2026-09-05T22:34:11.5169451+09:00","redis-normal","1","redis","99","1.93","21.41MiB / 256MiB"
"2026-09-05T22:34:12.5169451+09:00","redis-normal","1","redis","100","2.32","20.78MiB / 256MiB"
"2026-09-05T22:34:13.5169451+09:00","redis-normal","1","redis","101","2.01","21.52MiB / 256MiB"
"2026-09-05T22:34:14.5169451+09:00","redis-normal","1","redis","102","2.19","21.67MiB / 256MiB"
"2026-09-05T22:34:15.5169451+09:00","redis-normal","1","redis","103","2.01","21.42MiB / 256MiB"
"2026-09-05T22:34:16.5169451+09:00","redis-normal","1","redis","104","1.89","21.66MiB / 256MiB"
"2026-09-05T22:34:17.5169451+09:00","redis-normal","1","redis","105","4.21","21.92MiB / 256MiB"
"2026-09-05T22:34:18.5169451+09:00","redis-normal","1","redis","106","2.4","21.68MiB / 256MiB"
"2026-09-05T22:34:19.5169451+09:00","redis-normal","1","redis","107","2.52","21.44MiB / 256MiB"
"2026-09-05T22:34:20.5169451+09:00","redis-normal","1","redis","108","1.86","21.69MiB / 256MiB"
"2026-09-05T22:34:21.5169451+09:00","redis-normal","1","redis","109","2.01","21.68MiB / 256MiB"
"2026-09-05T22:34:22.5169451+09:00","redis-normal","1","redis","110","2.74","21.55MiB / 256MiB"
"2026-09-05T22:34:23.5169451+09:00","redis-normal","1","redis","111","2.06","21.42MiB / 256MiB"
"2026-09-05T22:34:24.5169451+09:00","redis-normal","1","redis","112","1.87","21.91MiB / 256MiB"
"2026-09-05T22:34:25.5169451+09:00","redis-normal","1","redis","113","1.85","22.16MiB / 256MiB"
"2026-09-05T22:34:26.5169451+09:00","redis-normal","1","redis","114","1.87","21.65MiB / 256MiB"
"2026-09-05T22:34:27.5169451+09:00","redis-normal","1","redis","115","5.13","21.57MiB / 256MiB"
"2026-09-05T22:34:28.5169451+09:00","redis-normal","1","redis","116","2.13","21.79MiB / 256MiB"
"2026-09-05T22:34:29.5169451+09:00","redis-normal","1","redis","117","2.44","22.14MiB / 256MiB"
"2026-09-05T22:34:30.5169451+09:00","redis-normal","1","redis","118","2.3","21.9MiB / 256MiB"
"2026-09-05T22:34:31.5169451+09:00","redis-normal","1","redis","119","2.15","21.9MiB / 256MiB"
"2026-09-05T22:36:06.4729720+09:00","redis-normal","2","app","0","3.3","419.8MiB / 512MiB"
"2026-09-05T22:36:07.4729720+09:00","redis-normal","2","app","1","0.25","419.7MiB / 512MiB"
"2026-09-05T22:36:08.4729720+09:00","redis-normal","2","app","2","38.74","421.5MiB / 512MiB"
"2026-09-05T22:36:09.4729720+09:00","redis-normal","2","app","3","39.12","422MiB / 512MiB"
"2026-09-05T22:36:10.4729720+09:00","redis-normal","2","app","4","49.16","422MiB / 512MiB"
"2026-09-05T22:36:11.4729720+09:00","redis-normal","2","app","5","47.86","421.6MiB / 512MiB"
"2026-09-05T22:36:12.4729720+09:00","redis-normal","2","app","6","33.91","422.1MiB / 512MiB"
"2026-09-05T22:36:13.4729720+09:00","redis-normal","2","app","7","48.16","421.8MiB / 512MiB"
"2026-09-05T22:36:14.4729720+09:00","redis-normal","2","app","8","39.6","422.1MiB / 512MiB"
"2026-09-05T22:36:15.4729720+09:00","redis-normal","2","app","9","31.03","421.9MiB / 512MiB"
"2026-09-05T22:36:16.4729720+09:00","redis-normal","2","app","10","28.23","422.3MiB / 512MiB"
"2026-09-05T22:36:17.4729720+09:00","redis-normal","2","app","11","25.03","422.6MiB / 512MiB"
"2026-09-05T22:36:18.4729720+09:00","redis-normal","2","app","12","34.01","422.8MiB / 512MiB"
"2026-09-05T22:36:19.4729720+09:00","redis-normal","2","app","13","28.3","422.7MiB / 512MiB"
"2026-09-05T22:36:20.4729720+09:00","redis-normal","2","app","14","31.52","422.8MiB / 512MiB"
"2026-09-05T22:36:21.4729720+09:00","redis-normal","2","app","15","64.37","422.9MiB / 512MiB"
"2026-09-05T22:36:22.4729720+09:00","redis-normal","2","app","16","44.47","423.2MiB / 512MiB"
"2026-09-05T22:36:23.4729720+09:00","redis-normal","2","app","17","24.94","423.1MiB / 512MiB"
"2026-09-05T22:36:24.4729720+09:00","redis-normal","2","app","18","66.73","424.3MiB / 512MiB"
"2026-09-05T22:36:25.4729720+09:00","redis-normal","2","app","19","35.19","424.4MiB / 512MiB"
"2026-09-05T22:36:26.4729720+09:00","redis-normal","2","app","20","20.99","424.8MiB / 512MiB"
"2026-09-05T22:36:27.4729720+09:00","redis-normal","2","app","21","27.39","429.2MiB / 512MiB"
"2026-09-05T22:36:28.4729720+09:00","redis-normal","2","app","22","19.23","429.2MiB / 512MiB"
"2026-09-05T22:36:29.4729720+09:00","redis-normal","2","app","23","33.86","428.8MiB / 512MiB"
"2026-09-05T22:36:30.4729720+09:00","redis-normal","2","app","24","28.29","429.1MiB / 512MiB"
"2026-09-05T22:36:31.4729720+09:00","redis-normal","2","app","25","30.8","429.2MiB / 512MiB"
"2026-09-05T22:36:32.4729720+09:00","redis-normal","2","app","26","21.9","429.2MiB / 512MiB"
"2026-09-05T22:36:33.4729720+09:00","redis-normal","2","app","27","30.4","429.3MiB / 512MiB"
"2026-09-05T22:36:34.4729720+09:00","redis-normal","2","app","28","71.78","429.7MiB / 512MiB"
"2026-09-05T22:36:35.4729720+09:00","redis-normal","2","app","29","30.37","429.9MiB / 512MiB"
"2026-09-05T22:36:36.4729720+09:00","redis-normal","2","app","30","70.79","429.7MiB / 512MiB"
"2026-09-05T22:36:37.4729720+09:00","redis-normal","2","app","31","68.89","429.9MiB / 512MiB"
"2026-09-05T22:36:38.4729720+09:00","redis-normal","2","app","32","37.44","429.6MiB / 512MiB"
"2026-09-05T22:36:39.4729720+09:00","redis-normal","2","app","33","109.11","430MiB / 512MiB"
"2026-09-05T22:36:40.4729720+09:00","redis-normal","2","app","34","60.33","430.3MiB / 512MiB"
"2026-09-05T22:36:41.4729720+09:00","redis-normal","2","app","35","21.64","430.6MiB / 512MiB"
"2026-09-05T22:36:42.4729720+09:00","redis-normal","2","app","36","27.68","430.5MiB / 512MiB"
"2026-09-05T22:36:43.4729720+09:00","redis-normal","2","app","37","65.46","430.4MiB / 512MiB"
"2026-09-05T22:36:44.4729720+09:00","redis-normal","2","app","38","36.13","430.4MiB / 512MiB"
"2026-09-05T22:36:45.4729720+09:00","redis-normal","2","app","39","69.1","430.3MiB / 512MiB"
"2026-09-05T22:36:46.4729720+09:00","redis-normal","2","app","40","26.9","430.2MiB / 512MiB"
"2026-09-05T22:36:47.4729720+09:00","redis-normal","2","app","41","32.77","430.9MiB / 512MiB"
"2026-09-05T22:36:48.4729720+09:00","redis-normal","2","app","42","22.01","430.8MiB / 512MiB"
"2026-09-05T22:36:49.4729720+09:00","redis-normal","2","app","43","26.23","430.7MiB / 512MiB"
"2026-09-05T22:36:50.4729720+09:00","redis-normal","2","app","44","85.6","435.5MiB / 512MiB"
"2026-09-05T22:36:51.4729720+09:00","redis-normal","2","app","45","18.39","435.3MiB / 512MiB"
"2026-09-05T22:36:52.4729720+09:00","redis-normal","2","app","46","18.78","435.7MiB / 512MiB"
"2026-09-05T22:36:53.4729720+09:00","redis-normal","2","app","47","46.34","435.7MiB / 512MiB"
"2026-09-05T22:36:54.4729720+09:00","redis-normal","2","app","48","44.71","435.8MiB / 512MiB"
"2026-09-05T22:36:55.4729720+09:00","redis-normal","2","app","49","19.54","428.7MiB / 512MiB"
"2026-09-05T22:36:56.4729720+09:00","redis-normal","2","app","50","17.53","428.4MiB / 512MiB"
"2026-09-05T22:36:57.4729720+09:00","redis-normal","2","app","51","21.17","428.6MiB / 512MiB"
"2026-09-05T22:36:58.4729720+09:00","redis-normal","2","app","52","21.93","428.7MiB / 512MiB"
"2026-09-05T22:36:59.4729720+09:00","redis-normal","2","app","53","17.35","428.8MiB / 512MiB"
"2026-09-05T22:37:00.4729720+09:00","redis-normal","2","app","54","45.75","429.1MiB / 512MiB"
"2026-09-05T22:37:01.4729720+09:00","redis-normal","2","app","55","19.15","428.7MiB / 512MiB"
"2026-09-05T22:37:02.4729720+09:00","redis-normal","2","app","56","16.33","428.6MiB / 512MiB"
"2026-09-05T22:37:03.4729720+09:00","redis-normal","2","app","57","26.78","428.8MiB / 512MiB"
"2026-09-05T22:37:04.4729720+09:00","redis-normal","2","app","58","21.64","428.7MiB / 512MiB"
"2026-09-05T22:37:05.4729720+09:00","redis-normal","2","app","59","20.39","428.9MiB / 512MiB"
"2026-09-05T22:37:06.4729720+09:00","redis-normal","2","app","60","15.43","429.1MiB / 512MiB"
"2026-09-05T22:37:07.4729720+09:00","redis-normal","2","app","61","19.6","428.6MiB / 512MiB"
"2026-09-05T22:37:08.4729720+09:00","redis-normal","2","app","62","14.79","428.9MiB / 512MiB"
"2026-09-05T22:37:09.4729720+09:00","redis-normal","2","app","63","14.41","429.1MiB / 512MiB"
"2026-09-05T22:37:10.4729720+09:00","redis-normal","2","app","64","35.87","428.6MiB / 512MiB"
"2026-09-05T22:37:11.4729720+09:00","redis-normal","2","app","65","32.05","429.4MiB / 512MiB"
"2026-09-05T22:37:12.4729720+09:00","redis-normal","2","app","66","13.53","429.2MiB / 512MiB"
"2026-09-05T22:37:13.4729720+09:00","redis-normal","2","app","67","11.91","428.9MiB / 512MiB"
"2026-09-05T22:37:14.4729720+09:00","redis-normal","2","app","68","13.78","429.2MiB / 512MiB"
"2026-09-05T22:37:15.4729720+09:00","redis-normal","2","app","69","11.62","429.5MiB / 512MiB"
"2026-09-05T22:37:16.4729720+09:00","redis-normal","2","app","70","12.69","429.4MiB / 512MiB"
"2026-09-05T22:37:17.4729720+09:00","redis-normal","2","app","71","12.97","429.4MiB / 512MiB"
"2026-09-05T22:37:18.4729720+09:00","redis-normal","2","app","72","12.13","429.3MiB / 512MiB"
"2026-09-05T22:37:19.4729720+09:00","redis-normal","2","app","73","12.84","429.1MiB / 512MiB"
"2026-09-05T22:37:20.4729720+09:00","redis-normal","2","app","74","14.19","428.9MiB / 512MiB"
"2026-09-05T22:37:21.4729720+09:00","redis-normal","2","app","75","12.24","429.7MiB / 512MiB"
"2026-09-05T22:37:22.4729720+09:00","redis-normal","2","app","76","15.99","429.5MiB / 512MiB"
"2026-09-05T22:37:23.4729720+09:00","redis-normal","2","app","77","11.69","429.5MiB / 512MiB"
"2026-09-05T22:37:24.4729720+09:00","redis-normal","2","app","78","14.54","429.4MiB / 512MiB"
"2026-09-05T22:37:25.4729720+09:00","redis-normal","2","app","79","17.54","429.4MiB / 512MiB"
"2026-09-05T22:37:26.4729720+09:00","redis-normal","2","app","80","16.47","429.2MiB / 512MiB"
"2026-09-05T22:37:27.4729720+09:00","redis-normal","2","app","81","16.9","429.4MiB / 512MiB"
"2026-09-05T22:37:28.4729720+09:00","redis-normal","2","app","82","17.86","429.3MiB / 512MiB"
"2026-09-05T22:37:29.4729720+09:00","redis-normal","2","app","83","14.26","429.8MiB / 512MiB"
"2026-09-05T22:37:30.4729720+09:00","redis-normal","2","app","84","14.71","429.7MiB / 512MiB"
"2026-09-05T22:37:31.4729720+09:00","redis-normal","2","app","85","13.96","429.6MiB / 512MiB"
"2026-09-05T22:37:32.4729720+09:00","redis-normal","2","app","86","13.69","429.3MiB / 512MiB"
"2026-09-05T22:37:33.4729720+09:00","redis-normal","2","app","87","13.33","429.7MiB / 512MiB"
"2026-09-05T22:37:34.4729720+09:00","redis-normal","2","app","88","12.01","429.3MiB / 512MiB"
"2026-09-05T22:37:35.4729720+09:00","redis-normal","2","app","89","12.28","429.2MiB / 512MiB"
"2026-09-05T22:37:36.4729720+09:00","redis-normal","2","app","90","15.59","429.3MiB / 512MiB"
"2026-09-05T22:37:37.4729720+09:00","redis-normal","2","app","91","13.7","429.4MiB / 512MiB"
"2026-09-05T22:37:38.4729720+09:00","redis-normal","2","app","92","12.85","429.5MiB / 512MiB"
"2026-09-05T22:37:39.4729720+09:00","redis-normal","2","app","93","17.8","429.6MiB / 512MiB"
"2026-09-05T22:37:40.4729720+09:00","redis-normal","2","app","94","30.99","429.7MiB / 512MiB"
"2026-09-05T22:37:41.4729720+09:00","redis-normal","2","app","95","18.23","429.5MiB / 512MiB"
"2026-09-05T22:37:42.4729720+09:00","redis-normal","2","app","96","22.84","429.6MiB / 512MiB"
"2026-09-05T22:37:43.4729720+09:00","redis-normal","2","app","97","15.91","429.6MiB / 512MiB"
"2026-09-05T22:37:44.4729720+09:00","redis-normal","2","app","98","16.38","429.4MiB / 512MiB"
"2026-09-05T22:37:45.4729720+09:00","redis-normal","2","app","99","18.78","429.4MiB / 512MiB"
"2026-09-05T22:37:46.4729720+09:00","redis-normal","2","app","100","16.52","429.7MiB / 512MiB"
"2026-09-05T22:37:47.4729720+09:00","redis-normal","2","app","101","15.45","429.2MiB / 512MiB"
"2026-09-05T22:37:48.4729720+09:00","redis-normal","2","app","102","15.45","429.2MiB / 512MiB"
"2026-09-05T22:37:49.4729720+09:00","redis-normal","2","app","103","19.41","429.6MiB / 512MiB"
"2026-09-05T22:37:50.4729720+09:00","redis-normal","2","app","104","17.62","429.8MiB / 512MiB"
"2026-09-05T22:37:51.4729720+09:00","redis-normal","2","app","105","19.65","429.3MiB / 512MiB"
"2026-09-05T22:37:52.4729720+09:00","redis-normal","2","app","106","16.98","429.3MiB / 512MiB"
"2026-09-05T22:37:53.4729720+09:00","redis-normal","2","app","107","17.19","429.7MiB / 512MiB"
"2026-09-05T22:37:54.4729720+09:00","redis-normal","2","app","108","15.87","429.4MiB / 512MiB"
"2026-09-05T22:37:55.4729720+09:00","redis-normal","2","app","109","16.12","429.5MiB / 512MiB"
"2026-09-05T22:37:56.4729720+09:00","redis-normal","2","app","110","15.81","429.7MiB / 512MiB"
"2026-09-05T22:37:57.4729720+09:00","redis-normal","2","app","111","19.31","429.6MiB / 512MiB"
"2026-09-05T22:37:58.4729720+09:00","redis-normal","2","app","112","17.73","429.4MiB / 512MiB"
"2026-09-05T22:37:59.4729720+09:00","redis-normal","2","app","113","16.06","429.9MiB / 512MiB"
"2026-09-05T22:38:00.4729720+09:00","redis-normal","2","app","114","17.01","429.5MiB / 512MiB"
"2026-09-05T22:38:01.4729720+09:00","redis-normal","2","app","115","20.57","429.1MiB / 512MiB"
"2026-09-05T22:38:02.4729720+09:00","redis-normal","2","app","116","15.26","429.5MiB / 512MiB"
"2026-09-05T22:38:03.4729720+09:00","redis-normal","2","app","117","15.15","429.5MiB / 512MiB"
"2026-09-05T22:38:04.4729720+09:00","redis-normal","2","app","118","15.91","429.2MiB / 512MiB"
"2026-09-05T22:38:05.4729720+09:00","redis-normal","2","app","119","15.19","429.5MiB / 512MiB"
"2026-09-05T22:36:06.4729720+09:00","redis-normal","2","mysql","0","4.22","491.9MiB / 1GiB"
"2026-09-05T22:36:07.4729720+09:00","redis-normal","2","mysql","1","1.13","491.9MiB / 1GiB"
"2026-09-05T22:36:08.4729720+09:00","redis-normal","2","mysql","2","3.96","491.7MiB / 1GiB"
"2026-09-05T22:36:09.4729720+09:00","redis-normal","2","mysql","3","0.81","491.3MiB / 1GiB"
"2026-09-05T22:36:10.4729720+09:00","redis-normal","2","mysql","4","0.77","491.3MiB / 1GiB"
"2026-09-05T22:36:11.4729720+09:00","redis-normal","2","mysql","5","0.87","491.1MiB / 1GiB"
"2026-09-05T22:36:12.4729720+09:00","redis-normal","2","mysql","6","0.79","491.1MiB / 1GiB"
"2026-09-05T22:36:13.4729720+09:00","redis-normal","2","mysql","7","4.72","491.6MiB / 1GiB"
"2026-09-05T22:36:14.4729720+09:00","redis-normal","2","mysql","8","1.04","491.6MiB / 1GiB"
"2026-09-05T22:36:15.4729720+09:00","redis-normal","2","mysql","9","0.77","491.3MiB / 1GiB"
"2026-09-05T22:36:16.4729720+09:00","redis-normal","2","mysql","10","0.87","491.3MiB / 1GiB"
"2026-09-05T22:36:17.4729720+09:00","redis-normal","2","mysql","11","0.85","491.1MiB / 1GiB"
"2026-09-05T22:36:18.4729720+09:00","redis-normal","2","mysql","12","3.44","492.3MiB / 1GiB"
"2026-09-05T22:36:19.4729720+09:00","redis-normal","2","mysql","13","0.9","491.4MiB / 1GiB"
"2026-09-05T22:36:20.4729720+09:00","redis-normal","2","mysql","14","0.79","491.2MiB / 1GiB"
"2026-09-05T22:36:21.4729720+09:00","redis-normal","2","mysql","15","0.74","491.1MiB / 1GiB"
"2026-09-05T22:36:22.4729720+09:00","redis-normal","2","mysql","16","1.14","491.1MiB / 1GiB"
"2026-09-05T22:36:23.4729720+09:00","redis-normal","2","mysql","17","4.49","491.4MiB / 1GiB"
"2026-09-05T22:36:24.4729720+09:00","redis-normal","2","mysql","18","0.71","491.4MiB / 1GiB"
"2026-09-05T22:36:25.4729720+09:00","redis-normal","2","mysql","19","0.7","491.4MiB / 1GiB"
"2026-09-05T22:36:26.4729720+09:00","redis-normal","2","mysql","20","0.73","491.1MiB / 1GiB"
"2026-09-05T22:36:27.4729720+09:00","redis-normal","2","mysql","21","0.81","491.1MiB / 1GiB"
"2026-09-05T22:36:28.4729720+09:00","redis-normal","2","mysql","22","3.29","492MiB / 1GiB"
"2026-09-05T22:36:29.4729720+09:00","redis-normal","2","mysql","23","0.67","491.4MiB / 1GiB"
"2026-09-05T22:36:30.4729720+09:00","redis-normal","2","mysql","24","0.72","491.4MiB / 1GiB"
"2026-09-05T22:36:31.4729720+09:00","redis-normal","2","mysql","25","0.69","491.4MiB / 1GiB"
"2026-09-05T22:36:32.4729720+09:00","redis-normal","2","mysql","26","0.81","491.4MiB / 1GiB"
"2026-09-05T22:36:33.4729720+09:00","redis-normal","2","mysql","27","3.19","491.7MiB / 1GiB"
"2026-09-05T22:36:34.4729720+09:00","redis-normal","2","mysql","28","0.83","491.3MiB / 1GiB"
"2026-09-05T22:36:35.4729720+09:00","redis-normal","2","mysql","29","0.74","491.3MiB / 1GiB"
"2026-09-05T22:36:36.4729720+09:00","redis-normal","2","mysql","30","0.96","491.1MiB / 1GiB"
"2026-09-05T22:36:37.4729720+09:00","redis-normal","2","mysql","31","1.41","491.1MiB / 1GiB"
"2026-09-05T22:36:38.4729720+09:00","redis-normal","2","mysql","32","12.31","491.9MiB / 1GiB"
"2026-09-05T22:36:39.4729720+09:00","redis-normal","2","mysql","33","26.93","491.9MiB / 1GiB"
"2026-09-05T22:36:40.4729720+09:00","redis-normal","2","mysql","34","1.15","491.6MiB / 1GiB"
"2026-09-05T22:36:41.4729720+09:00","redis-normal","2","mysql","35","1.12","491.5MiB / 1GiB"
"2026-09-05T22:36:42.4729720+09:00","redis-normal","2","mysql","36","1.15","491.3MiB / 1GiB"
"2026-09-05T22:36:43.4729720+09:00","redis-normal","2","mysql","37","1.15","491.3MiB / 1GiB"
"2026-09-05T22:36:44.4729720+09:00","redis-normal","2","mysql","38","4.57","491.8MiB / 1GiB"
"2026-09-05T22:36:45.4729720+09:00","redis-normal","2","mysql","39","1.08","491.5MiB / 1GiB"
"2026-09-05T22:36:46.4729720+09:00","redis-normal","2","mysql","40","1.04","491.1MiB / 1GiB"
"2026-09-05T22:36:47.4729720+09:00","redis-normal","2","mysql","41","1.06","491.3MiB / 1GiB"
"2026-09-05T22:36:48.4729720+09:00","redis-normal","2","mysql","42","0.95","491.3MiB / 1GiB"
"2026-09-05T22:36:49.4729720+09:00","redis-normal","2","mysql","43","5.66","492MiB / 1GiB"
"2026-09-05T22:36:50.4729720+09:00","redis-normal","2","mysql","44","1.16","491.5MiB / 1GiB"
"2026-09-05T22:36:51.4729720+09:00","redis-normal","2","mysql","45","1.03","491.5MiB / 1GiB"
"2026-09-05T22:36:52.4729720+09:00","redis-normal","2","mysql","46","1.06","491.3MiB / 1GiB"
"2026-09-05T22:36:53.4729720+09:00","redis-normal","2","mysql","47","0.91","491.2MiB / 1GiB"
"2026-09-05T22:36:54.4729720+09:00","redis-normal","2","mysql","48","6.98","491.3MiB / 1GiB"
"2026-09-05T22:36:55.4729720+09:00","redis-normal","2","mysql","49","0.97","491.3MiB / 1GiB"
"2026-09-05T22:36:56.4729720+09:00","redis-normal","2","mysql","50","1.04","491.1MiB / 1GiB"
"2026-09-05T22:36:57.4729720+09:00","redis-normal","2","mysql","51","1.09","491.1MiB / 1GiB"
"2026-09-05T22:36:58.4729720+09:00","redis-normal","2","mysql","52","1.1","491.3MiB / 1GiB"
"2026-09-05T22:36:59.4729720+09:00","redis-normal","2","mysql","53","4.64","491.3MiB / 1GiB"
"2026-09-05T22:37:00.4729720+09:00","redis-normal","2","mysql","54","1.18","491.1MiB / 1GiB"
"2026-09-05T22:37:01.4729720+09:00","redis-normal","2","mysql","55","1.11","491.1MiB / 1GiB"
"2026-09-05T22:37:02.4729720+09:00","redis-normal","2","mysql","56","0.94","491.1MiB / 1GiB"
"2026-09-05T22:37:03.4729720+09:00","redis-normal","2","mysql","57","0.78","491.1MiB / 1GiB"
"2026-09-05T22:37:04.4729720+09:00","redis-normal","2","mysql","58","3.13","491.3MiB / 1GiB"
"2026-09-05T22:37:05.4729720+09:00","redis-normal","2","mysql","59","0.79","491.3MiB / 1GiB"
"2026-09-05T22:37:06.4729720+09:00","redis-normal","2","mysql","60","0.78","491.1MiB / 1GiB"
"2026-09-05T22:37:07.4729720+09:00","redis-normal","2","mysql","61","1.39","491.1MiB / 1GiB"
"2026-09-05T22:37:08.4729720+09:00","redis-normal","2","mysql","62","0.94","491.1MiB / 1GiB"
"2026-09-05T22:37:09.4729720+09:00","redis-normal","2","mysql","63","3.87","491.1MiB / 1GiB"
"2026-09-05T22:37:10.4729720+09:00","redis-normal","2","mysql","64","0.95","491.1MiB / 1GiB"
"2026-09-05T22:37:11.4729720+09:00","redis-normal","2","mysql","65","0.9","491.1MiB / 1GiB"
"2026-09-05T22:37:12.4729720+09:00","redis-normal","2","mysql","66","0.79","491.1MiB / 1GiB"
"2026-09-05T22:37:13.4729720+09:00","redis-normal","2","mysql","67","0.68","491.1MiB / 1GiB"
"2026-09-05T22:37:14.4729720+09:00","redis-normal","2","mysql","68","4.16","491.5MiB / 1GiB"
"2026-09-05T22:37:15.4729720+09:00","redis-normal","2","mysql","69","0.66","491.4MiB / 1GiB"
"2026-09-05T22:37:16.4729720+09:00","redis-normal","2","mysql","70","0.73","491.3MiB / 1GiB"
"2026-09-05T22:37:17.4729720+09:00","redis-normal","2","mysql","71","0.71","491.1MiB / 1GiB"
"2026-09-05T22:37:18.4729720+09:00","redis-normal","2","mysql","72","0.68","491.1MiB / 1GiB"
"2026-09-05T22:37:19.4729720+09:00","redis-normal","2","mysql","73","3.57","491.3MiB / 1GiB"
"2026-09-05T22:37:20.4729720+09:00","redis-normal","2","mysql","74","0.64","491.1MiB / 1GiB"
"2026-09-05T22:37:21.4729720+09:00","redis-normal","2","mysql","75","0.71","491.1MiB / 1GiB"
"2026-09-05T22:37:22.4729720+09:00","redis-normal","2","mysql","76","0.7","491.1MiB / 1GiB"
"2026-09-05T22:37:23.4729720+09:00","redis-normal","2","mysql","77","0.72","491.1MiB / 1GiB"
"2026-09-05T22:37:24.4729720+09:00","redis-normal","2","mysql","78","3.1","491.1MiB / 1GiB"
"2026-09-05T22:37:25.4729720+09:00","redis-normal","2","mysql","79","1.16","491.1MiB / 1GiB"
"2026-09-05T22:37:26.4729720+09:00","redis-normal","2","mysql","80","1","491.1MiB / 1GiB"
"2026-09-05T22:37:27.4729720+09:00","redis-normal","2","mysql","81","0.96","491.1MiB / 1GiB"
"2026-09-05T22:37:28.4729720+09:00","redis-normal","2","mysql","82","1.06","491.1MiB / 1GiB"
"2026-09-05T22:37:29.4729720+09:00","redis-normal","2","mysql","83","4.06","491.7MiB / 1GiB"
"2026-09-05T22:37:30.4729720+09:00","redis-normal","2","mysql","84","1","491.5MiB / 1GiB"
"2026-09-05T22:37:31.4729720+09:00","redis-normal","2","mysql","85","0.81","491.1MiB / 1GiB"
"2026-09-05T22:37:32.4729720+09:00","redis-normal","2","mysql","86","0.9","491.1MiB / 1GiB"
"2026-09-05T22:37:33.4729720+09:00","redis-normal","2","mysql","87","0.78","491.1MiB / 1GiB"
"2026-09-05T22:37:34.4729720+09:00","redis-normal","2","mysql","88","3.05","491.4MiB / 1GiB"
"2026-09-05T22:37:35.4729720+09:00","redis-normal","2","mysql","89","0.73","491.4MiB / 1GiB"
"2026-09-05T22:37:36.4729720+09:00","redis-normal","2","mysql","90","0.76","491.4MiB / 1GiB"
"2026-09-05T22:37:37.4729720+09:00","redis-normal","2","mysql","91","0.75","491.4MiB / 1GiB"
"2026-09-05T22:37:38.4729720+09:00","redis-normal","2","mysql","92","0.73","491.4MiB / 1GiB"
"2026-09-05T22:37:39.4729720+09:00","redis-normal","2","mysql","93","5.96","491.4MiB / 1GiB"
"2026-09-05T22:37:40.4729720+09:00","redis-normal","2","mysql","94","1.71","491.1MiB / 1GiB"
"2026-09-05T22:37:41.4729720+09:00","redis-normal","2","mysql","95","1.21","491.1MiB / 1GiB"
"2026-09-05T22:37:42.4729720+09:00","redis-normal","2","mysql","96","1.21","491.1MiB / 1GiB"
"2026-09-05T22:37:43.4729720+09:00","redis-normal","2","mysql","97","5.01","491.4MiB / 1GiB"
"2026-09-05T22:37:44.4729720+09:00","redis-normal","2","mysql","98","1.11","491.1MiB / 1GiB"
"2026-09-05T22:37:45.4729720+09:00","redis-normal","2","mysql","99","1.12","491.1MiB / 1GiB"
"2026-09-05T22:37:46.4729720+09:00","redis-normal","2","mysql","100","0.96","491.1MiB / 1GiB"
"2026-09-05T22:37:47.4729720+09:00","redis-normal","2","mysql","101","0.96","491.1MiB / 1GiB"
"2026-09-05T22:37:48.4729720+09:00","redis-normal","2","mysql","102","0.96","491.1MiB / 1GiB"
"2026-09-05T22:37:49.4729720+09:00","redis-normal","2","mysql","103","4.01","491.3MiB / 1GiB"
"2026-09-05T22:37:50.4729720+09:00","redis-normal","2","mysql","104","1.15","491.3MiB / 1GiB"
"2026-09-05T22:37:51.4729720+09:00","redis-normal","2","mysql","105","1.18","491.1MiB / 1GiB"
"2026-09-05T22:37:52.4729720+09:00","redis-normal","2","mysql","106","1.09","491.1MiB / 1GiB"
"2026-09-05T22:37:53.4729720+09:00","redis-normal","2","mysql","107","0.93","491.1MiB / 1GiB"
"2026-09-05T22:37:54.4729720+09:00","redis-normal","2","mysql","108","4.03","491.6MiB / 1GiB"
"2026-09-05T22:37:55.4729720+09:00","redis-normal","2","mysql","109","0.91","491.1MiB / 1GiB"
"2026-09-05T22:37:56.4729720+09:00","redis-normal","2","mysql","110","0.95","491.1MiB / 1GiB"
"2026-09-05T22:37:57.4729720+09:00","redis-normal","2","mysql","111","1.03","491.1MiB / 1GiB"
"2026-09-05T22:37:58.4729720+09:00","redis-normal","2","mysql","112","1.03","491.1MiB / 1GiB"
"2026-09-05T22:37:59.4729720+09:00","redis-normal","2","mysql","113","3.54","491.3MiB / 1GiB"
"2026-09-05T22:38:00.4729720+09:00","redis-normal","2","mysql","114","1.03","491.3MiB / 1GiB"
"2026-09-05T22:38:01.4729720+09:00","redis-normal","2","mysql","115","0.99","491.2MiB / 1GiB"
"2026-09-05T22:38:02.4729720+09:00","redis-normal","2","mysql","116","0.82","491.2MiB / 1GiB"
"2026-09-05T22:38:03.4729720+09:00","redis-normal","2","mysql","117","0.88","491.2MiB / 1GiB"
"2026-09-05T22:38:04.4729720+09:00","redis-normal","2","mysql","118","3.99","491.6MiB / 1GiB"
"2026-09-05T22:38:05.4729720+09:00","redis-normal","2","mysql","119","0.92","491.3MiB / 1GiB"
"2026-09-05T22:36:06.4729720+09:00","redis-normal","2","redis","0","0.52","22.13MiB / 256MiB"
"2026-09-05T22:36:07.4729720+09:00","redis-normal","2","redis","1","1.35","21.73MiB / 256MiB"
"2026-09-05T22:36:08.4729720+09:00","redis-normal","2","redis","2","1.31","21.61MiB / 256MiB"
"2026-09-05T22:36:09.4729720+09:00","redis-normal","2","redis","3","1.82","21.85MiB / 256MiB"
"2026-09-05T22:36:10.4729720+09:00","redis-normal","2","redis","4","1.88","21.85MiB / 256MiB"
"2026-09-05T22:36:11.4729720+09:00","redis-normal","2","redis","5","2.29","21.83MiB / 256MiB"
"2026-09-05T22:36:12.4729720+09:00","redis-normal","2","redis","6","2.41","21.61MiB / 256MiB"
"2026-09-05T22:36:13.4729720+09:00","redis-normal","2","redis","7","2.03","21.46MiB / 256MiB"
"2026-09-05T22:36:14.4729720+09:00","redis-normal","2","redis","8","2.49","21.45MiB / 256MiB"
"2026-09-05T22:36:15.4729720+09:00","redis-normal","2","redis","9","2.17","21.21MiB / 256MiB"
"2026-09-05T22:36:16.4729720+09:00","redis-normal","2","redis","10","2.25","21.7MiB / 256MiB"
"2026-09-05T22:36:17.4729720+09:00","redis-normal","2","redis","11","2.95","22.04MiB / 256MiB"
"2026-09-05T22:36:18.4729720+09:00","redis-normal","2","redis","12","1.98","20.95MiB / 256MiB"
"2026-09-05T22:36:19.4729720+09:00","redis-normal","2","redis","13","2.15","21.94MiB / 256MiB"
"2026-09-05T22:36:20.4729720+09:00","redis-normal","2","redis","14","2","21.7MiB / 256MiB"
"2026-09-05T22:36:21.4729720+09:00","redis-normal","2","redis","15","2.05","21.94MiB / 256MiB"
"2026-09-05T22:36:22.4729720+09:00","redis-normal","2","redis","16","2.49","21.46MiB / 256MiB"
"2026-09-05T22:36:23.4729720+09:00","redis-normal","2","redis","17","1.95","21.2MiB / 256MiB"
"2026-09-05T22:36:24.4729720+09:00","redis-normal","2","redis","18","1.97","21.69MiB / 256MiB"
"2026-09-05T22:36:25.4729720+09:00","redis-normal","2","redis","19","1.96","21.2MiB / 256MiB"
"2026-09-05T22:36:26.4729720+09:00","redis-normal","2","redis","20","1.99","21.45MiB / 256MiB"
"2026-09-05T22:36:27.4729720+09:00","redis-normal","2","redis","21","2.86","21.3MiB / 256MiB"
"2026-09-05T22:36:28.4729720+09:00","redis-normal","2","redis","22","2.11","21.18MiB / 256MiB"
"2026-09-05T22:36:29.4729720+09:00","redis-normal","2","redis","23","3.83","21.17MiB / 256MiB"
"2026-09-05T22:36:30.4729720+09:00","redis-normal","2","redis","24","1.82","21.04MiB / 256MiB"
"2026-09-05T22:36:31.4729720+09:00","redis-normal","2","redis","25","1.8","21.03MiB / 256MiB"
"2026-09-05T22:36:32.4729720+09:00","redis-normal","2","redis","26","2.91","21.27MiB / 256MiB"
"2026-09-05T22:36:33.4729720+09:00","redis-normal","2","redis","27","2.1","21.43MiB / 256MiB"
"2026-09-05T22:36:34.4729720+09:00","redis-normal","2","redis","28","1.98","21.44MiB / 256MiB"
"2026-09-05T22:36:35.4729720+09:00","redis-normal","2","redis","29","2.08","20.95MiB / 256MiB"
"2026-09-05T22:36:36.4729720+09:00","redis-normal","2","redis","30","2.02","21.93MiB / 256MiB"
"2026-09-05T22:36:37.4729720+09:00","redis-normal","2","redis","31","3.75","21.8MiB / 256MiB"
"2026-09-05T22:36:38.4729720+09:00","redis-normal","2","redis","32","2.71","21.54MiB / 256MiB"
"2026-09-05T22:36:39.4729720+09:00","redis-normal","2","redis","33","4.1","22.18MiB / 256MiB"
"2026-09-05T22:36:40.4729720+09:00","redis-normal","2","redis","34","2.23","22.18MiB / 256MiB"
"2026-09-05T22:36:41.4729720+09:00","redis-normal","2","redis","35","3.21","21.34MiB / 256MiB"
"2026-09-05T22:36:42.4729720+09:00","redis-normal","2","redis","36","2.62","21.33MiB / 256MiB"
"2026-09-05T22:36:43.4729720+09:00","redis-normal","2","redis","37","2.73","21.69MiB / 256MiB"
"2026-09-05T22:36:44.4729720+09:00","redis-normal","2","redis","38","2.37","21.45MiB / 256MiB"
"2026-09-05T22:36:45.4729720+09:00","redis-normal","2","redis","39","2.23","21.68MiB / 256MiB"
"2026-09-05T22:36:46.4729720+09:00","redis-normal","2","redis","40","2.85","21.56MiB / 256MiB"
"2026-09-05T22:36:47.4729720+09:00","redis-normal","2","redis","41","2.58","21.3MiB / 256MiB"
"2026-09-05T22:36:48.4729720+09:00","redis-normal","2","redis","42","2.43","21.54MiB / 256MiB"
"2026-09-05T22:36:49.4729720+09:00","redis-normal","2","redis","43","2.18","21.54MiB / 256MiB"
"2026-09-05T22:36:50.4729720+09:00","redis-normal","2","redis","44","2.6","21.68MiB / 256MiB"
"2026-09-05T22:36:51.4729720+09:00","redis-normal","2","redis","45","3.13","21.89MiB / 256MiB"
"2026-09-05T22:36:52.4729720+09:00","redis-normal","2","redis","46","2.75","22.18MiB / 256MiB"
"2026-09-05T22:36:53.4729720+09:00","redis-normal","2","redis","47","2.22","22.18MiB / 256MiB"
"2026-09-05T22:36:54.4729720+09:00","redis-normal","2","redis","48","2.54","21.93MiB / 256MiB"
"2026-09-05T22:36:55.4729720+09:00","redis-normal","2","redis","49","2.62","22.18MiB / 256MiB"
"2026-09-05T22:36:56.4729720+09:00","redis-normal","2","redis","50","3.06","22.31MiB / 256MiB"
"2026-09-05T22:36:57.4729720+09:00","redis-normal","2","redis","51","2.88","21.38MiB / 256MiB"
"2026-09-05T22:36:58.4729720+09:00","redis-normal","2","redis","52","2.51","21.44MiB / 256MiB"
"2026-09-05T22:36:59.4729720+09:00","redis-normal","2","redis","53","2.52","21.69MiB / 256MiB"
"2026-09-05T22:37:00.4729720+09:00","redis-normal","2","redis","54","2.34","21.68MiB / 256MiB"
"2026-09-05T22:37:01.4729720+09:00","redis-normal","2","redis","55","3.39","22.1MiB / 256MiB"
"2026-09-05T22:37:02.4729720+09:00","redis-normal","2","redis","56","2.23","21.61MiB / 256MiB"
"2026-09-05T22:37:03.4729720+09:00","redis-normal","2","redis","57","2.16","21.86MiB / 256MiB"
"2026-09-05T22:37:04.4729720+09:00","redis-normal","2","redis","58","2.15","21.46MiB / 256MiB"
"2026-09-05T22:37:05.4729720+09:00","redis-normal","2","redis","59","2.15","22.2MiB / 256MiB"
"2026-09-05T22:37:06.4729720+09:00","redis-normal","2","redis","60","3.12","21.31MiB / 256MiB"
"2026-09-05T22:37:07.4729720+09:00","redis-normal","2","redis","61","2.57","21.7MiB / 256MiB"
"2026-09-05T22:37:08.4729720+09:00","redis-normal","2","redis","62","2","21.92MiB / 256MiB"
"2026-09-05T22:37:09.4729720+09:00","redis-normal","2","redis","63","2","21.66MiB / 256MiB"
"2026-09-05T22:37:10.4729720+09:00","redis-normal","2","redis","64","2.08","21.43MiB / 256MiB"
"2026-09-05T22:37:11.4729720+09:00","redis-normal","2","redis","65","2.88","21.32MiB / 256MiB"
"2026-09-05T22:37:12.4729720+09:00","redis-normal","2","redis","66","2.06","21.55MiB / 256MiB"
"2026-09-05T22:37:13.4729720+09:00","redis-normal","2","redis","67","2.03","21.45MiB / 256MiB"
"2026-09-05T22:37:14.4729720+09:00","redis-normal","2","redis","68","1.98","21.45MiB / 256MiB"
"2026-09-05T22:37:15.4729720+09:00","redis-normal","2","redis","69","1.86","21.44MiB / 256MiB"
"2026-09-05T22:37:16.4729720+09:00","redis-normal","2","redis","70","2.53","21.64MiB / 256MiB"
"2026-09-05T22:37:17.4729720+09:00","redis-normal","2","redis","71","2.2","21.39MiB / 256MiB"
"2026-09-05T22:37:18.4729720+09:00","redis-normal","2","redis","72","1.86","21.88MiB / 256MiB"
"2026-09-05T22:37:19.4729720+09:00","redis-normal","2","redis","73","2.11","21.7MiB / 256MiB"
"2026-09-05T22:37:20.4729720+09:00","redis-normal","2","redis","74","2.1","21.19MiB / 256MiB"
"2026-09-05T22:37:21.4729720+09:00","redis-normal","2","redis","75","2.59","21.55MiB / 256MiB"
"2026-09-05T22:37:22.4729720+09:00","redis-normal","2","redis","76","2.07","21.55MiB / 256MiB"
"2026-09-05T22:37:23.4729720+09:00","redis-normal","2","redis","77","2.11","22.04MiB / 256MiB"
"2026-09-05T22:37:24.4729720+09:00","redis-normal","2","redis","78","2.11","21.8MiB / 256MiB"
"2026-09-05T22:37:25.4729720+09:00","redis-normal","2","redis","79","2.48","21.8MiB / 256MiB"
"2026-09-05T22:37:26.4729720+09:00","redis-normal","2","redis","80","3.74","21.7MiB / 256MiB"
"2026-09-05T22:37:27.4729720+09:00","redis-normal","2","redis","81","2.76","21.71MiB / 256MiB"
"2026-09-05T22:37:28.4729720+09:00","redis-normal","2","redis","82","3.14","21.96MiB / 256MiB"
"2026-09-05T22:37:29.4729720+09:00","redis-normal","2","redis","83","2.11","21.55MiB / 256MiB"
"2026-09-05T22:37:30.4729720+09:00","redis-normal","2","redis","84","2.3","21.55MiB / 256MiB"
"2026-09-05T22:37:31.4729720+09:00","redis-normal","2","redis","85","2.65","21.7MiB / 256MiB"
"2026-09-05T22:37:32.4729720+09:00","redis-normal","2","redis","86","2.04","21.53MiB / 256MiB"
"2026-09-05T22:37:33.4729720+09:00","redis-normal","2","redis","87","2.05","21.66MiB / 256MiB"
"2026-09-05T22:37:34.4729720+09:00","redis-normal","2","redis","88","1.84","21.83MiB / 256MiB"
"2026-09-05T22:37:35.4729720+09:00","redis-normal","2","redis","89","2.14","21.44MiB / 256MiB"
"2026-09-05T22:37:36.4729720+09:00","redis-normal","2","redis","90","2.71","21.56MiB / 256MiB"
"2026-09-05T22:37:37.4729720+09:00","redis-normal","2","redis","91","2.15","21.43MiB / 256MiB"
"2026-09-05T22:37:38.4729720+09:00","redis-normal","2","redis","92","2.1","21.93MiB / 256MiB"
"2026-09-05T22:37:39.4729720+09:00","redis-normal","2","redis","93","2.65","21.68MiB / 256MiB"
"2026-09-05T22:37:40.4729720+09:00","redis-normal","2","redis","94","2.72","21.68MiB / 256MiB"
"2026-09-05T22:37:41.4729720+09:00","redis-normal","2","redis","95","3.34","21.55MiB / 256MiB"
"2026-09-05T22:37:42.4729720+09:00","redis-normal","2","redis","96","2.28","21.69MiB / 256MiB"
"2026-09-05T22:37:43.4729720+09:00","redis-normal","2","redis","97","2.56","21.19MiB / 256MiB"
"2026-09-05T22:37:44.4729720+09:00","redis-normal","2","redis","98","2.57","21.44MiB / 256MiB"
"2026-09-05T22:37:45.4729720+09:00","redis-normal","2","redis","99","3.08","21.39MiB / 256MiB"
"2026-09-05T22:37:46.4729720+09:00","redis-normal","2","redis","100","2.38","21.39MiB / 256MiB"
"2026-09-05T22:37:47.4729720+09:00","redis-normal","2","redis","101","2.33","21.63MiB / 256MiB"
"2026-09-05T22:37:48.4729720+09:00","redis-normal","2","redis","102","2.48","21.29MiB / 256MiB"
"2026-09-05T22:37:49.4729720+09:00","redis-normal","2","redis","103","2.48","21.29MiB / 256MiB"
"2026-09-05T22:37:50.4729720+09:00","redis-normal","2","redis","104","3.03","21.44MiB / 256MiB"
"2026-09-05T22:37:51.4729720+09:00","redis-normal","2","redis","105","3.57","21.07MiB / 256MiB"
"2026-09-05T22:37:52.4729720+09:00","redis-normal","2","redis","106","3.04","21.31MiB / 256MiB"
"2026-09-05T22:37:53.4729720+09:00","redis-normal","2","redis","107","2.54","21.26MiB / 256MiB"
"2026-09-05T22:37:54.4729720+09:00","redis-normal","2","redis","108","2.55","21.44MiB / 256MiB"
"2026-09-05T22:37:55.4729720+09:00","redis-normal","2","redis","109","2.65","21.44MiB / 256MiB"
"2026-09-05T22:37:56.4729720+09:00","redis-normal","2","redis","110","3.27","21.57MiB / 256MiB"
"2026-09-05T22:37:57.4729720+09:00","redis-normal","2","redis","111","3.17","21.43MiB / 256MiB"
"2026-09-05T22:37:58.4729720+09:00","redis-normal","2","redis","112","2.55","22.16MiB / 256MiB"
"2026-09-05T22:37:59.4729720+09:00","redis-normal","2","redis","113","2.52","21.67MiB / 256MiB"
"2026-09-05T22:38:00.4729720+09:00","redis-normal","2","redis","114","2.45","21.67MiB / 256MiB"
"2026-09-05T22:38:01.4729720+09:00","redis-normal","2","redis","115","3.73","21.73MiB / 256MiB"
"2026-09-05T22:38:02.4729720+09:00","redis-normal","2","redis","116","2.23","21.68MiB / 256MiB"
"2026-09-05T22:38:03.4729720+09:00","redis-normal","2","redis","117","2.79","21.44MiB / 256MiB"
"2026-09-05T22:38:04.4729720+09:00","redis-normal","2","redis","118","2.52","21.68MiB / 256MiB"
"2026-09-05T22:38:05.4729720+09:00","redis-normal","2","redis","119","2.5","22.42MiB / 256MiB"
"2026-09-05T22:39:37.2199731+09:00","redis-normal","3","app","0","2.96","372.8MiB / 512MiB"
"2026-09-05T22:39:38.2199731+09:00","redis-normal","3","app","1","0.32","372.9MiB / 512MiB"
"2026-09-05T22:39:39.2199731+09:00","redis-normal","3","app","2","62.52","374.2MiB / 512MiB"
"2026-09-05T22:39:40.2199731+09:00","redis-normal","3","app","3","85.26","383.1MiB / 512MiB"
"2026-09-05T22:39:41.2199731+09:00","redis-normal","3","app","4","52.35","383.1MiB / 512MiB"
"2026-09-05T22:39:42.2199731+09:00","redis-normal","3","app","5","47.35","375.6MiB / 512MiB"
"2026-09-05T22:39:43.2199731+09:00","redis-normal","3","app","6","39.23","375.3MiB / 512MiB"
"2026-09-05T22:39:44.2199731+09:00","redis-normal","3","app","7","33.93","375MiB / 512MiB"
"2026-09-05T22:39:45.2199731+09:00","redis-normal","3","app","8","49.35","375.4MiB / 512MiB"
"2026-09-05T22:39:46.2199731+09:00","redis-normal","3","app","9","39.48","376.3MiB / 512MiB"
"2026-09-05T22:39:47.2199731+09:00","redis-normal","3","app","10","23.89","376.3MiB / 512MiB"
"2026-09-05T22:39:48.2199731+09:00","redis-normal","3","app","11","24.05","376.2MiB / 512MiB"
"2026-09-05T22:39:49.2199731+09:00","redis-normal","3","app","12","23.07","376.4MiB / 512MiB"
"2026-09-05T22:39:50.2199731+09:00","redis-normal","3","app","13","32.44","376.3MiB / 512MiB"
"2026-09-05T22:39:51.2199731+09:00","redis-normal","3","app","14","48.29","376.4MiB / 512MiB"
"2026-09-05T22:39:52.2199731+09:00","redis-normal","3","app","15","85.15","378.9MiB / 512MiB"
"2026-09-05T22:39:53.2199731+09:00","redis-normal","3","app","16","32.24","378.9MiB / 512MiB"
"2026-09-05T22:39:54.2199731+09:00","redis-normal","3","app","17","36.36","379.4MiB / 512MiB"
"2026-09-05T22:39:55.2199731+09:00","redis-normal","3","app","18","40.09","379.1MiB / 512MiB"
"2026-09-05T22:39:56.2199731+09:00","redis-normal","3","app","19","79.96","379.4MiB / 512MiB"
"2026-09-05T22:39:57.2199731+09:00","redis-normal","3","app","20","58.84","388.6MiB / 512MiB"
"2026-09-05T22:39:58.2199731+09:00","redis-normal","3","app","21","30.5","388.9MiB / 512MiB"
"2026-09-05T22:39:59.2199731+09:00","redis-normal","3","app","22","54.13","389.6MiB / 512MiB"
"2026-09-05T22:40:00.2199731+09:00","redis-normal","3","app","23","54.7","389.6MiB / 512MiB"
"2026-09-05T22:40:01.2199731+09:00","redis-normal","3","app","24","48.57","390.1MiB / 512MiB"
"2026-09-05T22:40:02.2199731+09:00","redis-normal","3","app","25","28.21","381.8MiB / 512MiB"
"2026-09-05T22:40:03.2199731+09:00","redis-normal","3","app","26","25.56","381.2MiB / 512MiB"
"2026-09-05T22:40:04.2199731+09:00","redis-normal","3","app","27","30.11","381.3MiB / 512MiB"
"2026-09-05T22:40:05.2199731+09:00","redis-normal","3","app","28","35.39","381.5MiB / 512MiB"
"2026-09-05T22:40:06.2199731+09:00","redis-normal","3","app","29","27.76","381.6MiB / 512MiB"
"2026-09-05T22:40:07.2199731+09:00","redis-normal","3","app","30","20.63","381.5MiB / 512MiB"
"2026-09-05T22:40:08.2199731+09:00","redis-normal","3","app","31","21.78","381.4MiB / 512MiB"
"2026-09-05T22:40:09.2199731+09:00","redis-normal","3","app","32","23.6","380.9MiB / 512MiB"
"2026-09-05T22:40:10.2199731+09:00","redis-normal","3","app","33","26.66","381.6MiB / 512MiB"
"2026-09-05T22:40:11.2199731+09:00","redis-normal","3","app","34","20.4","381.6MiB / 512MiB"
"2026-09-05T22:40:12.2199731+09:00","redis-normal","3","app","35","21.43","381.5MiB / 512MiB"
"2026-09-05T22:40:13.2199731+09:00","redis-normal","3","app","36","24.89","381.6MiB / 512MiB"
"2026-09-05T22:40:14.2199731+09:00","redis-normal","3","app","37","33.6","381.8MiB / 512MiB"
"2026-09-05T22:40:15.2199731+09:00","redis-normal","3","app","38","67.61","384.7MiB / 512MiB"
"2026-09-05T22:40:16.2199731+09:00","redis-normal","3","app","39","97.73","389.1MiB / 512MiB"
"2026-09-05T22:40:17.2199731+09:00","redis-normal","3","app","40","50.49","386MiB / 512MiB"
"2026-09-05T22:40:18.2199731+09:00","redis-normal","3","app","41","27.5","386.4MiB / 512MiB"
"2026-09-05T22:40:19.2199731+09:00","redis-normal","3","app","42","21.19","386.5MiB / 512MiB"
"2026-09-05T22:40:20.2199731+09:00","redis-normal","3","app","43","27.06","386.8MiB / 512MiB"
"2026-09-05T22:40:21.2199731+09:00","redis-normal","3","app","44","18.15","386.2MiB / 512MiB"
"2026-09-05T22:40:22.2199731+09:00","redis-normal","3","app","45","19.14","382.4MiB / 512MiB"
"2026-09-05T22:40:23.2199731+09:00","redis-normal","3","app","46","20.47","382.6MiB / 512MiB"
"2026-09-05T22:40:24.2199731+09:00","redis-normal","3","app","47","20.59","382.8MiB / 512MiB"
"2026-09-05T22:40:25.2199731+09:00","redis-normal","3","app","48","46.98","383.1MiB / 512MiB"
"2026-09-05T22:40:26.2199731+09:00","redis-normal","3","app","49","78.9","386.5MiB / 512MiB"
"2026-09-05T22:40:27.2199731+09:00","redis-normal","3","app","50","18.14","386.2MiB / 512MiB"
"2026-09-05T22:40:28.2199731+09:00","redis-normal","3","app","51","23.68","386.3MiB / 512MiB"
"2026-09-05T22:40:29.2199731+09:00","redis-normal","3","app","52","22.49","385.8MiB / 512MiB"
"2026-09-05T22:40:30.2199731+09:00","redis-normal","3","app","53","22.19","385.8MiB / 512MiB"
"2026-09-05T22:40:31.2199731+09:00","redis-normal","3","app","54","21.02","385.3MiB / 512MiB"
"2026-09-05T22:40:32.2199731+09:00","redis-normal","3","app","55","18.27","385.6MiB / 512MiB"
"2026-09-05T22:40:33.2199731+09:00","redis-normal","3","app","56","17.77","386.1MiB / 512MiB"
"2026-09-05T22:40:34.2199731+09:00","redis-normal","3","app","57","19.87","386.3MiB / 512MiB"
"2026-09-05T22:40:35.2199731+09:00","redis-normal","3","app","58","47.04","388.3MiB / 512MiB"
"2026-09-05T22:40:36.2199731+09:00","redis-normal","3","app","59","68.88","388.6MiB / 512MiB"
"2026-09-05T22:40:37.2199731+09:00","redis-normal","3","app","60","21.77","384.2MiB / 512MiB"
"2026-09-05T22:40:38.2199731+09:00","redis-normal","3","app","61","16.8","384.6MiB / 512MiB"
"2026-09-05T22:40:39.2199731+09:00","redis-normal","3","app","62","15.49","384.5MiB / 512MiB"
"2026-09-05T22:40:40.2199731+09:00","redis-normal","3","app","63","20.24","384.3MiB / 512MiB"
"2026-09-05T22:40:41.2199731+09:00","redis-normal","3","app","64","17.05","384.2MiB / 512MiB"
"2026-09-05T22:40:42.2199731+09:00","redis-normal","3","app","65","18","384.2MiB / 512MiB"
"2026-09-05T22:40:43.2199731+09:00","redis-normal","3","app","66","16.9","384.2MiB / 512MiB"
"2026-09-05T22:40:44.2199731+09:00","redis-normal","3","app","67","16.55","384.3MiB / 512MiB"
"2026-09-05T22:40:45.2199731+09:00","redis-normal","3","app","68","30.21","384.3MiB / 512MiB"
"2026-09-05T22:40:46.2199731+09:00","redis-normal","3","app","69","58.39","384.2MiB / 512MiB"
"2026-09-05T22:40:47.2199731+09:00","redis-normal","3","app","70","19.26","384.2MiB / 512MiB"
"2026-09-05T22:40:48.2199731+09:00","redis-normal","3","app","71","15.86","384.6MiB / 512MiB"
"2026-09-05T22:40:49.2199731+09:00","redis-normal","3","app","72","16.59","384.1MiB / 512MiB"
"2026-09-05T22:40:50.2199731+09:00","redis-normal","3","app","73","15.49","383.9MiB / 512MiB"
"2026-09-05T22:40:51.2199731+09:00","redis-normal","3","app","74","19.73","384.6MiB / 512MiB"
"2026-09-05T22:40:52.2199731+09:00","redis-normal","3","app","75","15.73","384.4MiB / 512MiB"
"2026-09-05T22:40:53.2199731+09:00","redis-normal","3","app","76","15.12","384.6MiB / 512MiB"
"2026-09-05T22:40:54.2199731+09:00","redis-normal","3","app","77","16.27","384.3MiB / 512MiB"
"2026-09-05T22:40:55.2199731+09:00","redis-normal","3","app","78","22.56","385MiB / 512MiB"
"2026-09-05T22:40:56.2199731+09:00","redis-normal","3","app","79","21.45","384.9MiB / 512MiB"
"2026-09-05T22:40:57.2199731+09:00","redis-normal","3","app","80","14.86","384.2MiB / 512MiB"
"2026-09-05T22:40:58.2199731+09:00","redis-normal","3","app","81","15.83","384.4MiB / 512MiB"
"2026-09-05T22:40:59.2199731+09:00","redis-normal","3","app","82","19.69","384.4MiB / 512MiB"
"2026-09-05T22:41:00.2199731+09:00","redis-normal","3","app","83","21.71","384.7MiB / 512MiB"
"2026-09-05T22:41:01.2199731+09:00","redis-normal","3","app","84","18.82","384.9MiB / 512MiB"
"2026-09-05T22:41:02.2199731+09:00","redis-normal","3","app","85","15.31","384.8MiB / 512MiB"
"2026-09-05T22:41:03.2199731+09:00","redis-normal","3","app","86","18.29","384.2MiB / 512MiB"
"2026-09-05T22:41:04.2199731+09:00","redis-normal","3","app","87","15.44","384.7MiB / 512MiB"
"2026-09-05T22:41:05.2199731+09:00","redis-normal","3","app","88","12.8","384.7MiB / 512MiB"
"2026-09-05T22:41:06.2199731+09:00","redis-normal","3","app","89","12.03","384.9MiB / 512MiB"
"2026-09-05T22:41:07.2199731+09:00","redis-normal","3","app","90","12.19","384.8MiB / 512MiB"
"2026-09-05T22:41:08.2199731+09:00","redis-normal","3","app","91","12.68","384.7MiB / 512MiB"
"2026-09-05T22:41:09.2199731+09:00","redis-normal","3","app","92","13.11","384.6MiB / 512MiB"
"2026-09-05T22:41:10.2199731+09:00","redis-normal","3","app","93","12.05","384.7MiB / 512MiB"
"2026-09-05T22:41:11.2199731+09:00","redis-normal","3","app","94","12.9","384.4MiB / 512MiB"
"2026-09-05T22:41:12.2199731+09:00","redis-normal","3","app","95","12.43","384.6MiB / 512MiB"
"2026-09-05T22:41:13.2199731+09:00","redis-normal","3","app","96","11.69","384.6MiB / 512MiB"
"2026-09-05T22:41:14.2199731+09:00","redis-normal","3","app","97","12.31","384.7MiB / 512MiB"
"2026-09-05T22:41:15.2199731+09:00","redis-normal","3","app","98","11.49","384.5MiB / 512MiB"
"2026-09-05T22:41:16.2199731+09:00","redis-normal","3","app","99","13.33","384.2MiB / 512MiB"
"2026-09-05T22:41:17.2199731+09:00","redis-normal","3","app","100","13.03","384.3MiB / 512MiB"
"2026-09-05T22:41:18.2199731+09:00","redis-normal","3","app","101","15.87","384.4MiB / 512MiB"
"2026-09-05T22:41:19.2199731+09:00","redis-normal","3","app","102","22.85","384.6MiB / 512MiB"
"2026-09-05T22:41:20.2199731+09:00","redis-normal","3","app","103","16.56","384.8MiB / 512MiB"
"2026-09-05T22:41:21.2199731+09:00","redis-normal","3","app","104","13.96","385.1MiB / 512MiB"
"2026-09-05T22:41:22.2199731+09:00","redis-normal","3","app","105","16.29","384.1MiB / 512MiB"
"2026-09-05T22:41:23.2199731+09:00","redis-normal","3","app","106","14.31","384.4MiB / 512MiB"
"2026-09-05T22:41:24.2199731+09:00","redis-normal","3","app","107","14.52","384.8MiB / 512MiB"
"2026-09-05T22:41:25.2199731+09:00","redis-normal","3","app","108","15.1","384.5MiB / 512MiB"
"2026-09-05T22:41:26.2199731+09:00","redis-normal","3","app","109","15.17","384MiB / 512MiB"
"2026-09-05T22:41:27.2199731+09:00","redis-normal","3","app","110","13.65","384.3MiB / 512MiB"
"2026-09-05T22:41:28.2199731+09:00","redis-normal","3","app","111","16.5","384.7MiB / 512MiB"
"2026-09-05T22:41:29.2199731+09:00","redis-normal","3","app","112","18.94","384.7MiB / 512MiB"
"2026-09-05T22:41:30.2199731+09:00","redis-normal","3","app","113","17.06","384.6MiB / 512MiB"
"2026-09-05T22:41:31.2199731+09:00","redis-normal","3","app","114","15.38","385.1MiB / 512MiB"
"2026-09-05T22:41:32.2199731+09:00","redis-normal","3","app","115","15.72","385.2MiB / 512MiB"
"2026-09-05T22:41:33.2199731+09:00","redis-normal","3","app","116","16.32","384.8MiB / 512MiB"
"2026-09-05T22:41:34.2199731+09:00","redis-normal","3","app","117","15.6","384.7MiB / 512MiB"
"2026-09-05T22:41:35.2199731+09:00","redis-normal","3","app","118","14.64","384.4MiB / 512MiB"
"2026-09-05T22:41:36.2199731+09:00","redis-normal","3","app","119","14.43","384.4MiB / 512MiB"
"2026-09-05T22:39:37.2199731+09:00","redis-normal","3","mysql","0","4.14","493.6MiB / 1GiB"
"2026-09-05T22:39:38.2199731+09:00","redis-normal","3","mysql","1","0.81","492.8MiB / 1GiB"
"2026-09-05T22:39:39.2199731+09:00","redis-normal","3","mysql","2","0.84","492.6MiB / 1GiB"
"2026-09-05T22:39:40.2199731+09:00","redis-normal","3","mysql","3","1.08","492.6MiB / 1GiB"
"2026-09-05T22:39:41.2199731+09:00","redis-normal","3","mysql","4","0.81","492.6MiB / 1GiB"
"2026-09-05T22:39:42.2199731+09:00","redis-normal","3","mysql","5","4.42","493.2MiB / 1GiB"
"2026-09-05T22:39:43.2199731+09:00","redis-normal","3","mysql","6","1.03","493.1MiB / 1GiB"
"2026-09-05T22:39:44.2199731+09:00","redis-normal","3","mysql","7","0.71","492.9MiB / 1GiB"
"2026-09-05T22:39:45.2199731+09:00","redis-normal","3","mysql","8","0.72","492.9MiB / 1GiB"
"2026-09-05T22:39:46.2199731+09:00","redis-normal","3","mysql","9","0.72","492.9MiB / 1GiB"
"2026-09-05T22:39:47.2199731+09:00","redis-normal","3","mysql","10","3.32","493.3MiB / 1GiB"
"2026-09-05T22:39:48.2199731+09:00","redis-normal","3","mysql","11","0.79","492.7MiB / 1GiB"
"2026-09-05T22:39:49.2199731+09:00","redis-normal","3","mysql","12","0.82","492.7MiB / 1GiB"
"2026-09-05T22:39:50.2199731+09:00","redis-normal","3","mysql","13","1.12","492.7MiB / 1GiB"
"2026-09-05T22:39:51.2199731+09:00","redis-normal","3","mysql","14","1.78","492.6MiB / 1GiB"
"2026-09-05T22:39:52.2199731+09:00","redis-normal","3","mysql","15","4.92","493.3MiB / 1GiB"
"2026-09-05T22:39:53.2199731+09:00","redis-normal","3","mysql","16","1.06","492.9MiB / 1GiB"
"2026-09-05T22:39:54.2199731+09:00","redis-normal","3","mysql","17","1.04","492.9MiB / 1GiB"
"2026-09-05T22:39:55.2199731+09:00","redis-normal","3","mysql","18","0.9","492.6MiB / 1GiB"
"2026-09-05T22:39:56.2199731+09:00","redis-normal","3","mysql","19","0.94","492.6MiB / 1GiB"
"2026-09-05T22:39:57.2199731+09:00","redis-normal","3","mysql","20","4.05","493.5MiB / 1GiB"
"2026-09-05T22:39:58.2199731+09:00","redis-normal","3","mysql","21","1.11","493.1MiB / 1GiB"
"2026-09-05T22:39:59.2199731+09:00","redis-normal","3","mysql","22","1.29","493.1MiB / 1GiB"
"2026-09-05T22:40:00.2199731+09:00","redis-normal","3","mysql","23","1.19","492.9MiB / 1GiB"
"2026-09-05T22:40:01.2199731+09:00","redis-normal","3","mysql","24","0.93","492.9MiB / 1GiB"
"2026-09-05T22:40:02.2199731+09:00","redis-normal","3","mysql","25","4.07","493.3MiB / 1GiB"
"2026-09-05T22:40:03.2199731+09:00","redis-normal","3","mysql","26","0.85","493MiB / 1GiB"
"2026-09-05T22:40:04.2199731+09:00","redis-normal","3","mysql","27","1.06","493MiB / 1GiB"
"2026-09-05T22:40:05.2199731+09:00","redis-normal","3","mysql","28","0.94","493MiB / 1GiB"
"2026-09-05T22:40:06.2199731+09:00","redis-normal","3","mysql","29","0.85","493MiB / 1GiB"
"2026-09-05T22:40:07.2199731+09:00","redis-normal","3","mysql","30","3.68","493.1MiB / 1GiB"
"2026-09-05T22:40:08.2199731+09:00","redis-normal","3","mysql","31","0.79","492.6MiB / 1GiB"
"2026-09-05T22:40:09.2199731+09:00","redis-normal","3","mysql","32","0.95","492.9MiB / 1GiB"
"2026-09-05T22:40:10.2199731+09:00","redis-normal","3","mysql","33","0.79","492.6MiB / 1GiB"
"2026-09-05T22:40:11.2199731+09:00","redis-normal","3","mysql","34","0.78","492.6MiB / 1GiB"
"2026-09-05T22:40:12.2199731+09:00","redis-normal","3","mysql","35","3.64","493MiB / 1GiB"
"2026-09-05T22:40:13.2199731+09:00","redis-normal","3","mysql","36","0.92","493MiB / 1GiB"
"2026-09-05T22:40:14.2199731+09:00","redis-normal","3","mysql","37","0.93","493MiB / 1GiB"
"2026-09-05T22:40:15.2199731+09:00","redis-normal","3","mysql","38","0.88","493MiB / 1GiB"
"2026-09-05T22:40:16.2199731+09:00","redis-normal","3","mysql","39","0.92","492.6MiB / 1GiB"
"2026-09-05T22:40:17.2199731+09:00","redis-normal","3","mysql","40","3.47","493.5MiB / 1GiB"
"2026-09-05T22:40:18.2199731+09:00","redis-normal","3","mysql","41","1.06","493.1MiB / 1GiB"
"2026-09-05T22:40:19.2199731+09:00","redis-normal","3","mysql","42","3.12","492.7MiB / 1GiB"
"2026-09-05T22:40:20.2199731+09:00","redis-normal","3","mysql","43","0.83","492.6MiB / 1GiB"
"2026-09-05T22:40:21.2199731+09:00","redis-normal","3","mysql","44","0.98","492.6MiB / 1GiB"
"2026-09-05T22:40:22.2199731+09:00","redis-normal","3","mysql","45","3.53","493.5MiB / 1GiB"
"2026-09-05T22:40:23.2199731+09:00","redis-normal","3","mysql","46","1","492.6MiB / 1GiB"
"2026-09-05T22:40:24.2199731+09:00","redis-normal","3","mysql","47","0.71","492.6MiB / 1GiB"
"2026-09-05T22:40:25.2199731+09:00","redis-normal","3","mysql","48","0.9","492.6MiB / 1GiB"
"2026-09-05T22:40:26.2199731+09:00","redis-normal","3","mysql","49","0.81","492.6MiB / 1GiB"
"2026-09-05T22:40:27.2199731+09:00","redis-normal","3","mysql","50","4.29","493.2MiB / 1GiB"
"2026-09-05T22:40:28.2199731+09:00","redis-normal","3","mysql","51","0.88","492.8MiB / 1GiB"
"2026-09-05T22:40:29.2199731+09:00","redis-normal","3","mysql","52","0.9","492.8MiB / 1GiB"
"2026-09-05T22:40:30.2199731+09:00","redis-normal","3","mysql","53","0.93","492.6MiB / 1GiB"
"2026-09-05T22:40:31.2199731+09:00","redis-normal","3","mysql","54","1.12","492.9MiB / 1GiB"
"2026-09-05T22:40:32.2199731+09:00","redis-normal","3","mysql","55","4.64","493.3MiB / 1GiB"
"2026-09-05T22:40:33.2199731+09:00","redis-normal","3","mysql","56","0.94","492.6MiB / 1GiB"
"2026-09-05T22:40:34.2199731+09:00","redis-normal","3","mysql","57","1.01","492.6MiB / 1GiB"
"2026-09-05T22:40:35.2199731+09:00","redis-normal","3","mysql","58","1.03","492.6MiB / 1GiB"
"2026-09-05T22:40:36.2199731+09:00","redis-normal","3","mysql","59","0.77","492.6MiB / 1GiB"
"2026-09-05T22:40:37.2199731+09:00","redis-normal","3","mysql","60","4.29","493.5MiB / 1GiB"
"2026-09-05T22:40:38.2199731+09:00","redis-normal","3","mysql","61","0.88","493MiB / 1GiB"
"2026-09-05T22:40:39.2199731+09:00","redis-normal","3","mysql","62","0.82","492.6MiB / 1GiB"
"2026-09-05T22:40:40.2199731+09:00","redis-normal","3","mysql","63","0.97","492.6MiB / 1GiB"
"2026-09-05T22:40:41.2199731+09:00","redis-normal","3","mysql","64","1.03","492.6MiB / 1GiB"
"2026-09-05T22:40:42.2199731+09:00","redis-normal","3","mysql","65","3.93","493.8MiB / 1GiB"
"2026-09-05T22:40:43.2199731+09:00","redis-normal","3","mysql","66","1.04","492.7MiB / 1GiB"
"2026-09-05T22:40:44.2199731+09:00","redis-normal","3","mysql","67","0.88","492.6MiB / 1GiB"
"2026-09-05T22:40:45.2199731+09:00","redis-normal","3","mysql","68","0.93","492.6MiB / 1GiB"
"2026-09-05T22:40:46.2199731+09:00","redis-normal","3","mysql","69","0.84","492.6MiB / 1GiB"
"2026-09-05T22:40:47.2199731+09:00","redis-normal","3","mysql","70","2.44","496.1MiB / 1GiB"
"2026-09-05T22:40:48.2199731+09:00","redis-normal","3","mysql","71","2.87","493.2MiB / 1GiB"
"2026-09-05T22:40:49.2199731+09:00","redis-normal","3","mysql","72","0.95","492.6MiB / 1GiB"
"2026-09-05T22:40:50.2199731+09:00","redis-normal","3","mysql","73","0.88","492.6MiB / 1GiB"
"2026-09-05T22:40:51.2199731+09:00","redis-normal","3","mysql","74","0.94","492.6MiB / 1GiB"
"2026-09-05T22:40:52.2199731+09:00","redis-normal","3","mysql","75","4.32","493.8MiB / 1GiB"
"2026-09-05T22:40:53.2199731+09:00","redis-normal","3","mysql","76","0.84","492.7MiB / 1GiB"
"2026-09-05T22:40:54.2199731+09:00","redis-normal","3","mysql","77","0.96","492.7MiB / 1GiB"
"2026-09-05T22:40:55.2199731+09:00","redis-normal","3","mysql","78","0.98","492.6MiB / 1GiB"
"2026-09-05T22:40:56.2199731+09:00","redis-normal","3","mysql","79","0.87","492.6MiB / 1GiB"
"2026-09-05T22:40:57.2199731+09:00","redis-normal","3","mysql","80","1.63","494.6MiB / 1GiB"
"2026-09-05T22:40:58.2199731+09:00","redis-normal","3","mysql","81","3.64","493.6MiB / 1GiB"
"2026-09-05T22:40:59.2199731+09:00","redis-normal","3","mysql","82","1.41","493.1MiB / 1GiB"
"2026-09-05T22:41:00.2199731+09:00","redis-normal","3","mysql","83","2.58","492.8MiB / 1GiB"
"2026-09-05T22:41:01.2199731+09:00","redis-normal","3","mysql","84","0.89","492.6MiB / 1GiB"
"2026-09-05T22:41:02.2199731+09:00","redis-normal","3","mysql","85","0.81","492.6MiB / 1GiB"
"2026-09-05T22:41:03.2199731+09:00","redis-normal","3","mysql","86","4.49","492.7MiB / 1GiB"
"2026-09-05T22:41:04.2199731+09:00","redis-normal","3","mysql","87","0.83","492.6MiB / 1GiB"
"2026-09-05T22:41:05.2199731+09:00","redis-normal","3","mysql","88","0.72","492.6MiB / 1GiB"
"2026-09-05T22:41:06.2199731+09:00","redis-normal","3","mysql","89","0.72","492.6MiB / 1GiB"
"2026-09-05T22:41:07.2199731+09:00","redis-normal","3","mysql","90","3.83","497.4MiB / 1GiB"
"2026-09-05T22:41:08.2199731+09:00","redis-normal","3","mysql","91","1.39","493.2MiB / 1GiB"
"2026-09-05T22:41:09.2199731+09:00","redis-normal","3","mysql","92","0.66","493.1MiB / 1GiB"
"2026-09-05T22:41:10.2199731+09:00","redis-normal","3","mysql","93","0.66","492.9MiB / 1GiB"
"2026-09-05T22:41:11.2199731+09:00","redis-normal","3","mysql","94","0.74","492.9MiB / 1GiB"
"2026-09-05T22:41:12.2199731+09:00","redis-normal","3","mysql","95","0.72","492.6MiB / 1GiB"
"2026-09-05T22:41:13.2199731+09:00","redis-normal","3","mysql","96","3.34","493.2MiB / 1GiB"
"2026-09-05T22:41:14.2199731+09:00","redis-normal","3","mysql","97","0.69","492.6MiB / 1GiB"
"2026-09-05T22:41:15.2199731+09:00","redis-normal","3","mysql","98","0.67","492.6MiB / 1GiB"
"2026-09-05T22:41:16.2199731+09:00","redis-normal","3","mysql","99","0.73","492.6MiB / 1GiB"
"2026-09-05T22:41:17.2199731+09:00","redis-normal","3","mysql","100","0.75","492.6MiB / 1GiB"
"2026-09-05T22:41:18.2199731+09:00","redis-normal","3","mysql","101","4.5","493.1MiB / 1GiB"
"2026-09-05T22:41:19.2199731+09:00","redis-normal","3","mysql","102","1.21","493.1MiB / 1GiB"
"2026-09-05T22:41:20.2199731+09:00","redis-normal","3","mysql","103","0.98","493.1MiB / 1GiB"
"2026-09-05T22:41:21.2199731+09:00","redis-normal","3","mysql","104","0.84","492.6MiB / 1GiB"
"2026-09-05T22:41:22.2199731+09:00","redis-normal","3","mysql","105","1.05","492.6MiB / 1GiB"
"2026-09-05T22:41:23.2199731+09:00","redis-normal","3","mysql","106","3.74","493.1MiB / 1GiB"
"2026-09-05T22:41:24.2199731+09:00","redis-normal","3","mysql","107","0.91","492.6MiB / 1GiB"
"2026-09-05T22:41:25.2199731+09:00","redis-normal","3","mysql","108","0.89","492.6MiB / 1GiB"
"2026-09-05T22:41:26.2199731+09:00","redis-normal","3","mysql","109","0.94","492.6MiB / 1GiB"
"2026-09-05T22:41:27.2199731+09:00","redis-normal","3","mysql","110","0.87","492.6MiB / 1GiB"
"2026-09-05T22:41:28.2199731+09:00","redis-normal","3","mysql","111","3.86","492.7MiB / 1GiB"
"2026-09-05T22:41:29.2199731+09:00","redis-normal","3","mysql","112","1.11","492.7MiB / 1GiB"
"2026-09-05T22:41:30.2199731+09:00","redis-normal","3","mysql","113","0.92","492.6MiB / 1GiB"
"2026-09-05T22:41:31.2199731+09:00","redis-normal","3","mysql","114","1","492.6MiB / 1GiB"
"2026-09-05T22:41:32.2199731+09:00","redis-normal","3","mysql","115","1.06","492.6MiB / 1GiB"
"2026-09-05T22:41:33.2199731+09:00","redis-normal","3","mysql","116","3.87","492.7MiB / 1GiB"
"2026-09-05T22:41:34.2199731+09:00","redis-normal","3","mysql","117","0.95","492.7MiB / 1GiB"
"2026-09-05T22:41:35.2199731+09:00","redis-normal","3","mysql","118","0.78","492.6MiB / 1GiB"
"2026-09-05T22:41:36.2199731+09:00","redis-normal","3","mysql","119","0.86","492.6MiB / 1GiB"
"2026-09-05T22:39:37.2199731+09:00","redis-normal","3","redis","0","0.65","21.58MiB / 256MiB"
"2026-09-05T22:39:38.2199731+09:00","redis-normal","3","redis","1","0.55","21.58MiB / 256MiB"
"2026-09-05T22:39:39.2199731+09:00","redis-normal","3","redis","2","1.71","21.36MiB / 256MiB"
"2026-09-05T22:39:40.2199731+09:00","redis-normal","3","redis","3","3.3","21.55MiB / 256MiB"
"2026-09-05T22:39:41.2199731+09:00","redis-normal","3","redis","4","2.13","21.34MiB / 256MiB"
"2026-09-05T22:39:42.2199731+09:00","redis-normal","3","redis","5","2.51","21.08MiB / 256MiB"
"2026-09-05T22:39:43.2199731+09:00","redis-normal","3","redis","6","2.1","21.38MiB / 256MiB"
"2026-09-05T22:39:44.2199731+09:00","redis-normal","3","redis","7","1.79","21.46MiB / 256MiB"
"2026-09-05T22:39:45.2199731+09:00","redis-normal","3","redis","8","2.55","21.81MiB / 256MiB"
"2026-09-05T22:39:46.2199731+09:00","redis-normal","3","redis","9","2","21.21MiB / 256MiB"
"2026-09-05T22:39:47.2199731+09:00","redis-normal","3","redis","10","1.88","21.46MiB / 256MiB"
"2026-09-05T22:39:48.2199731+09:00","redis-normal","3","redis","11","2.15","21.95MiB / 256MiB"
"2026-09-05T22:39:49.2199731+09:00","redis-normal","3","redis","12","1.92","21.95MiB / 256MiB"
"2026-09-05T22:39:50.2199731+09:00","redis-normal","3","redis","13","3.51","21.07MiB / 256MiB"
"2026-09-05T22:39:51.2199731+09:00","redis-normal","3","redis","14","2.97","21.56MiB / 256MiB"
"2026-09-05T22:39:52.2199731+09:00","redis-normal","3","redis","15","2.32","21.56MiB / 256MiB"
"2026-09-05T22:39:53.2199731+09:00","redis-normal","3","redis","16","2.55","21.56MiB / 256MiB"
"2026-09-05T22:39:54.2199731+09:00","redis-normal","3","redis","17","2.65","21.23MiB / 256MiB"
"2026-09-05T22:39:55.2199731+09:00","redis-normal","3","redis","18","2.7","21.35MiB / 256MiB"
"2026-09-05T22:39:56.2199731+09:00","redis-normal","3","redis","19","2.43","21.37MiB / 256MiB"
"2026-09-05T22:39:57.2199731+09:00","redis-normal","3","redis","20","2.19","21.59MiB / 256MiB"
"2026-09-05T22:39:58.2199731+09:00","redis-normal","3","redis","21","2.36","21.58MiB / 256MiB"
"2026-09-05T22:39:59.2199731+09:00","redis-normal","3","redis","22","3.05","21.47MiB / 256MiB"
"2026-09-05T22:40:00.2199731+09:00","redis-normal","3","redis","23","3.46","21.36MiB / 256MiB"
"2026-09-05T22:40:01.2199731+09:00","redis-normal","3","redis","24","2.16","21.73MiB / 256MiB"
"2026-09-05T22:40:02.2199731+09:00","redis-normal","3","redis","25","2.88","21.95MiB / 256MiB"
"2026-09-05T22:40:03.2199731+09:00","redis-normal","3","redis","26","2.39","22.44MiB / 256MiB"
"2026-09-05T22:40:04.2199731+09:00","redis-normal","3","redis","27","2.58","21.71MiB / 256MiB"
"2026-09-05T22:40:05.2199731+09:00","redis-normal","3","redis","28","3.35","21.55MiB / 256MiB"
"2026-09-05T22:40:06.2199731+09:00","redis-normal","3","redis","29","2.26","21.32MiB / 256MiB"
"2026-09-05T22:40:07.2199731+09:00","redis-normal","3","redis","30","2.21","21.07MiB / 256MiB"
"2026-09-05T22:40:08.2199731+09:00","redis-normal","3","redis","31","2.18","21.7MiB / 256MiB"
"2026-09-05T22:40:09.2199731+09:00","redis-normal","3","redis","32","2.76","21.7MiB / 256MiB"
"2026-09-05T22:40:10.2199731+09:00","redis-normal","3","redis","33","3.3","21.19MiB / 256MiB"
"2026-09-05T22:40:11.2199731+09:00","redis-normal","3","redis","34","2.46","21.43MiB / 256MiB"
"2026-09-05T22:40:12.2199731+09:00","redis-normal","3","redis","35","2.23","21.2MiB / 256MiB"
"2026-09-05T22:40:13.2199731+09:00","redis-normal","3","redis","36","2.74","21.2MiB / 256MiB"
"2026-09-05T22:40:14.2199731+09:00","redis-normal","3","redis","37","2.53","21.94MiB / 256MiB"
"2026-09-05T22:40:15.2199731+09:00","redis-normal","3","redis","38","2.91","21.79MiB / 256MiB"
"2026-09-05T22:40:16.2199731+09:00","redis-normal","3","redis","39","2.03","22.03MiB / 256MiB"
"2026-09-05T22:40:17.2199731+09:00","redis-normal","3","redis","40","2.41","22.03MiB / 256MiB"
"2026-09-05T22:40:18.2199731+09:00","redis-normal","3","redis","41","2.31","21.54MiB / 256MiB"
"2026-09-05T22:40:19.2199731+09:00","redis-normal","3","redis","42","2.05","21.29MiB / 256MiB"
"2026-09-05T22:40:20.2199731+09:00","redis-normal","3","redis","43","2.71","21.3MiB / 256MiB"
"2026-09-05T22:40:21.2199731+09:00","redis-normal","3","redis","44","2.16","22.05MiB / 256MiB"
"2026-09-05T22:40:22.2199731+09:00","redis-normal","3","redis","45","2.25","20.96MiB / 256MiB"
"2026-09-05T22:40:23.2199731+09:00","redis-normal","3","redis","46","2.39","21.7MiB / 256MiB"
"2026-09-05T22:40:24.2199731+09:00","redis-normal","3","redis","47","1.91","22.18MiB / 256MiB"
"2026-09-05T22:40:25.2199731+09:00","redis-normal","3","redis","48","2.99","21.23MiB / 256MiB"
"2026-09-05T22:40:26.2199731+09:00","redis-normal","3","redis","49","1.98","21.69MiB / 256MiB"
"2026-09-05T22:40:27.2199731+09:00","redis-normal","3","redis","50","2.17","21.93MiB / 256MiB"
"2026-09-05T22:40:28.2199731+09:00","redis-normal","3","redis","51","2.13","22.18MiB / 256MiB"
"2026-09-05T22:40:29.2199731+09:00","redis-normal","3","redis","52","2.06","21.45MiB / 256MiB"
"2026-09-05T22:40:30.2199731+09:00","redis-normal","3","redis","53","3.37","22.09MiB / 256MiB"
"2026-09-05T22:40:31.2199731+09:00","redis-normal","3","redis","54","2.53","22.09MiB / 256MiB"
"2026-09-05T22:40:32.2199731+09:00","redis-normal","3","redis","55","2.14","22.2MiB / 256MiB"
"2026-09-05T22:40:33.2199731+09:00","redis-normal","3","redis","56","2.08","21.71MiB / 256MiB"
"2026-09-05T22:40:34.2199731+09:00","redis-normal","3","redis","57","2.44","21.69MiB / 256MiB"
"2026-09-05T22:40:35.2199731+09:00","redis-normal","3","redis","58","3.19","21.62MiB / 256MiB"
"2026-09-05T22:40:36.2199731+09:00","redis-normal","3","redis","59","2.11","22.12MiB / 256MiB"
"2026-09-05T22:40:37.2199731+09:00","redis-normal","3","redis","60","2.08","21.62MiB / 256MiB"
"2026-09-05T22:40:38.2199731+09:00","redis-normal","3","redis","61","2.07","21.53MiB / 256MiB"
"2026-09-05T22:40:39.2199731+09:00","redis-normal","3","redis","62","2.58","21.5MiB / 256MiB"
"2026-09-05T22:40:40.2199731+09:00","redis-normal","3","redis","63","2.77","21.39MiB / 256MiB"
"2026-09-05T22:40:41.2199731+09:00","redis-normal","3","redis","64","2.56","21.05MiB / 256MiB"
"2026-09-05T22:40:42.2199731+09:00","redis-normal","3","redis","65","2.77","21.54MiB / 256MiB"
"2026-09-05T22:40:43.2199731+09:00","redis-normal","3","redis","66","2.35","21.05MiB / 256MiB"
"2026-09-05T22:40:44.2199731+09:00","redis-normal","3","redis","67","3.04","21.4MiB / 256MiB"
"2026-09-05T22:40:45.2199731+09:00","redis-normal","3","redis","68","2.2","21.31MiB / 256MiB"
"2026-09-05T22:40:46.2199731+09:00","redis-normal","3","redis","69","2.22","21.49MiB / 256MiB"
"2026-09-05T22:40:47.2199731+09:00","redis-normal","3","redis","70","2.38","21.45MiB / 256MiB"
"2026-09-05T22:40:48.2199731+09:00","redis-normal","3","redis","71","2.56","21.45MiB / 256MiB"
"2026-09-05T22:40:49.2199731+09:00","redis-normal","3","redis","72","3.11","21.59MiB / 256MiB"
"2026-09-05T22:40:50.2199731+09:00","redis-normal","3","redis","73","2.22","21.25MiB / 256MiB"
"2026-09-05T22:40:51.2199731+09:00","redis-normal","3","redis","74","2.22","20.96MiB / 256MiB"
"2026-09-05T22:40:52.2199731+09:00","redis-normal","3","redis","75","2.18","20.96MiB / 256MiB"
"2026-09-05T22:40:53.2199731+09:00","redis-normal","3","redis","76","2.2","21.45MiB / 256MiB"
"2026-09-05T22:40:54.2199731+09:00","redis-normal","3","redis","77","2.98","21.34MiB / 256MiB"
"2026-09-05T22:40:55.2199731+09:00","redis-normal","3","redis","78","2.84","21.8MiB / 256MiB"
"2026-09-05T22:40:56.2199731+09:00","redis-normal","3","redis","79","2.31","21.8MiB / 256MiB"
"2026-09-05T22:40:57.2199731+09:00","redis-normal","3","redis","80","2.28","21.58MiB / 256MiB"
"2026-09-05T22:40:58.2199731+09:00","redis-normal","3","redis","81","2.58","22.07MiB / 256MiB"
"2026-09-05T22:40:59.2199731+09:00","redis-normal","3","redis","82","4.03","21.95MiB / 256MiB"
"2026-09-05T22:41:00.2199731+09:00","redis-normal","3","redis","83","2.58","21.7MiB / 256MiB"
"2026-09-05T22:41:01.2199731+09:00","redis-normal","3","redis","84","2.36","21.2MiB / 256MiB"
"2026-09-05T22:41:02.2199731+09:00","redis-normal","3","redis","85","2.03","21.7MiB / 256MiB"
"2026-09-05T22:41:03.2199731+09:00","redis-normal","3","redis","86","2.22","21.45MiB / 256MiB"
"2026-09-05T22:41:04.2199731+09:00","redis-normal","3","redis","87","2.57","21.41MiB / 256MiB"
"2026-09-05T22:41:05.2199731+09:00","redis-normal","3","redis","88","2.02","21.14MiB / 256MiB"
"2026-09-05T22:41:06.2199731+09:00","redis-normal","3","redis","89","1.88","21.63MiB / 256MiB"
"2026-09-05T22:41:07.2199731+09:00","redis-normal","3","redis","90","1.92","21.45MiB / 256MiB"
"2026-09-05T22:41:08.2199731+09:00","redis-normal","3","redis","91","2.08","21.95MiB / 256MiB"
"2026-09-05T22:41:09.2199731+09:00","redis-normal","3","redis","92","2.53","21.93MiB / 256MiB"
"2026-09-05T22:41:10.2199731+09:00","redis-normal","3","redis","93","1.94","21.7MiB / 256MiB"
"2026-09-05T22:41:11.2199731+09:00","redis-normal","3","redis","94","2.06","21.94MiB / 256MiB"
"2026-09-05T22:41:12.2199731+09:00","redis-normal","3","redis","95","2.05","21.94MiB / 256MiB"
"2026-09-05T22:41:13.2199731+09:00","redis-normal","3","redis","96","1.83","22.19MiB / 256MiB"
"2026-09-05T22:41:14.2199731+09:00","redis-normal","3","redis","97","2.52","21.9MiB / 256MiB"
"2026-09-05T22:41:15.2199731+09:00","redis-normal","3","redis","98","1.78","21.64MiB / 256MiB"
"2026-09-05T22:41:16.2199731+09:00","redis-normal","3","redis","99","2.04","21.86MiB / 256MiB"
"2026-09-05T22:41:17.2199731+09:00","redis-normal","3","redis","100","1.98","21.79MiB / 256MiB"
"2026-09-05T22:41:18.2199731+09:00","redis-normal","3","redis","101","2.05","21.69MiB / 256MiB"
"2026-09-05T22:41:19.2199731+09:00","redis-normal","3","redis","102","3.62","21.67MiB / 256MiB"
"2026-09-05T22:41:20.2199731+09:00","redis-normal","3","redis","103","2.47","21.64MiB / 256MiB"
"2026-09-05T22:41:21.2199731+09:00","redis-normal","3","redis","104","2.29","22.19MiB / 256MiB"
"2026-09-05T22:41:22.2199731+09:00","redis-normal","3","redis","105","2.28","22.68MiB / 256MiB"
"2026-09-05T22:41:23.2199731+09:00","redis-normal","3","redis","106","2.33","21.7MiB / 256MiB"
"2026-09-05T22:41:24.2199731+09:00","redis-normal","3","redis","107","2.7","21.56MiB / 256MiB"
"2026-09-05T22:41:25.2199731+09:00","redis-normal","3","redis","108","2.31","21.31MiB / 256MiB"
"2026-09-05T22:41:26.2199731+09:00","redis-normal","3","redis","109","2.39","21.22MiB / 256MiB"
"2026-09-05T22:41:27.2199731+09:00","redis-normal","3","redis","110","2.22","21.47MiB / 256MiB"
"2026-09-05T22:41:28.2199731+09:00","redis-normal","3","redis","111","2.58","21.47MiB / 256MiB"
"2026-09-05T22:41:29.2199731+09:00","redis-normal","3","redis","112","4.87","21.89MiB / 256MiB"
"2026-09-05T22:41:30.2199731+09:00","redis-normal","3","redis","113","2.4","21.67MiB / 256MiB"
"2026-09-05T22:41:31.2199731+09:00","redis-normal","3","redis","114","2.61","21.66MiB / 256MiB"
"2026-09-05T22:41:32.2199731+09:00","redis-normal","3","redis","115","2.46","21.66MiB / 256MiB"
"2026-09-05T22:41:33.2199731+09:00","redis-normal","3","redis","116","2.62","21.2MiB / 256MiB"
"2026-09-05T22:41:34.2199731+09:00","redis-normal","3","redis","117","2.82","22.09MiB / 256MiB"
"2026-09-05T22:41:35.2199731+09:00","redis-normal","3","redis","118","1.97","21.83MiB / 256MiB"
"2026-09-05T22:41:36.2199731+09:00","redis-normal","3","redis","119","2.37","21.45MiB / 256MiB"
"2026-09-05T22:43:00.7412543+09:00","redis-down","1","app","0","1.72","367.6MiB / 512MiB"
"2026-09-05T22:43:01.7412543+09:00","redis-down","1","app","1","44.69","368MiB / 512MiB"
"2026-09-05T22:43:02.7412543+09:00","redis-down","1","app","2","96.42","368.6MiB / 512MiB"
"2026-09-05T22:43:03.7412543+09:00","redis-down","1","app","3","98.22","368.8MiB / 512MiB"
"2026-09-05T22:43:04.7412543+09:00","redis-down","1","app","4","108.67","370.8MiB / 512MiB"
"2026-09-05T22:43:05.7412543+09:00","redis-down","1","app","5","100.56","371.3MiB / 512MiB"
"2026-09-05T22:43:06.7412543+09:00","redis-down","1","app","6","98.73","373.5MiB / 512MiB"
"2026-09-05T22:43:07.7412543+09:00","redis-down","1","app","7","97.28","378MiB / 512MiB"
"2026-09-05T22:43:08.7412543+09:00","redis-down","1","app","8","108.1","378.5MiB / 512MiB"
"2026-09-05T22:43:09.7412543+09:00","redis-down","1","app","9","101.71","378.7MiB / 512MiB"
"2026-09-05T22:43:10.7412543+09:00","redis-down","1","app","10","103.49","378.7MiB / 512MiB"
"2026-09-05T22:43:11.7412543+09:00","redis-down","1","app","11","98.02","379MiB / 512MiB"
"2026-09-05T22:43:12.7412543+09:00","redis-down","1","app","12","101.56","379.4MiB / 512MiB"
"2026-09-05T22:43:13.7412543+09:00","redis-down","1","app","13","98.48","379.5MiB / 512MiB"
"2026-09-05T22:43:14.7412543+09:00","redis-down","1","app","14","102.79","380.3MiB / 512MiB"
"2026-09-05T22:43:15.7412543+09:00","redis-down","1","app","15","97.91","380.7MiB / 512MiB"
"2026-09-05T22:43:16.7412543+09:00","redis-down","1","app","16","99.99","381.3MiB / 512MiB"
"2026-09-05T22:43:17.7412543+09:00","redis-down","1","app","17","101.66","382.3MiB / 512MiB"
"2026-09-05T22:43:18.7412543+09:00","redis-down","1","app","18","108.28","383MiB / 512MiB"
"2026-09-05T22:43:19.7412543+09:00","redis-down","1","app","19","99.96","382.8MiB / 512MiB"
"2026-09-05T22:43:20.7412543+09:00","redis-down","1","app","20","97.34","383.3MiB / 512MiB"
"2026-09-05T22:43:21.7412543+09:00","redis-down","1","app","21","96.55","383.8MiB / 512MiB"
"2026-09-05T22:43:22.7412543+09:00","redis-down","1","app","22","100.82","383.9MiB / 512MiB"
"2026-09-05T22:43:23.7412543+09:00","redis-down","1","app","23","108.21","383.8MiB / 512MiB"
"2026-09-05T22:43:24.7412543+09:00","redis-down","1","app","24","106.09","383.7MiB / 512MiB"
"2026-09-05T22:43:25.7412543+09:00","redis-down","1","app","25","103.66","384.2MiB / 512MiB"
"2026-09-05T22:43:26.7412543+09:00","redis-down","1","app","26","99.16","383.8MiB / 512MiB"
"2026-09-05T22:43:27.7412543+09:00","redis-down","1","app","27","101.84","384.3MiB / 512MiB"
"2026-09-05T22:43:28.7412543+09:00","redis-down","1","app","28","103.26","384.1MiB / 512MiB"
"2026-09-05T22:43:29.7412543+09:00","redis-down","1","app","29","105.33","384.1MiB / 512MiB"
"2026-09-05T22:43:00.7412543+09:00","redis-down","1","mysql","0","3.96","495MiB / 1GiB"
"2026-09-05T22:43:01.7412543+09:00","redis-down","1","mysql","1","4.07","495.2MiB / 1GiB"
"2026-09-05T22:43:02.7412543+09:00","redis-down","1","mysql","2","12.7","496.2MiB / 1GiB"
"2026-09-05T22:43:03.7412543+09:00","redis-down","1","mysql","3","13.26","495.9MiB / 1GiB"
"2026-09-05T22:43:04.7412543+09:00","redis-down","1","mysql","4","13.79","496.5MiB / 1GiB"
"2026-09-05T22:43:05.7412543+09:00","redis-down","1","mysql","5","16.45","495.9MiB / 1GiB"
"2026-09-05T22:43:06.7412543+09:00","redis-down","1","mysql","6","13.98","496MiB / 1GiB"
"2026-09-05T22:43:07.7412543+09:00","redis-down","1","mysql","7","11.42","496MiB / 1GiB"
"2026-09-05T22:43:08.7412543+09:00","redis-down","1","mysql","8","13.12","496MiB / 1GiB"
"2026-09-05T22:43:09.7412543+09:00","redis-down","1","mysql","9","14.88","496MiB / 1GiB"
"2026-09-05T22:43:10.7412543+09:00","redis-down","1","mysql","10","22.06","495.8MiB / 1GiB"
"2026-09-05T22:43:11.7412543+09:00","redis-down","1","mysql","11","13.21","496.5MiB / 1GiB"
"2026-09-05T22:43:12.7412543+09:00","redis-down","1","mysql","12","15.48","496.1MiB / 1GiB"
"2026-09-05T22:43:13.7412543+09:00","redis-down","1","mysql","13","14.61","496.1MiB / 1GiB"
"2026-09-05T22:43:14.7412543+09:00","redis-down","1","mysql","14","17.27","496.1MiB / 1GiB"
"2026-09-05T22:43:15.7412543+09:00","redis-down","1","mysql","15","16.08","495.7MiB / 1GiB"
"2026-09-05T22:43:16.7412543+09:00","redis-down","1","mysql","16","17.02","495.7MiB / 1GiB"
"2026-09-05T22:43:17.7412543+09:00","redis-down","1","mysql","17","16.96","495.8MiB / 1GiB"
"2026-09-05T22:43:18.7412543+09:00","redis-down","1","mysql","18","18.83","496.2MiB / 1GiB"
"2026-09-05T22:43:19.7412543+09:00","redis-down","1","mysql","19","26.22","496MiB / 1GiB"
"2026-09-05T22:43:20.7412543+09:00","redis-down","1","mysql","20","12.22","496.4MiB / 1GiB"
"2026-09-05T22:43:21.7412543+09:00","redis-down","1","mysql","21","12.63","495.9MiB / 1GiB"
"2026-09-05T22:43:22.7412543+09:00","redis-down","1","mysql","22","15.8","496.3MiB / 1GiB"
"2026-09-05T22:43:23.7412543+09:00","redis-down","1","mysql","23","18.36","496.2MiB / 1GiB"
"2026-09-05T22:43:24.7412543+09:00","redis-down","1","mysql","24","30.26","495.8MiB / 1GiB"
"2026-09-05T22:43:25.7412543+09:00","redis-down","1","mysql","25","16.96","496.1MiB / 1GiB"
"2026-09-05T22:43:26.7412543+09:00","redis-down","1","mysql","26","13.58","496.1MiB / 1GiB"
"2026-09-05T22:43:27.7412543+09:00","redis-down","1","mysql","27","15.13","495.6MiB / 1GiB"
"2026-09-05T22:43:28.7412543+09:00","redis-down","1","mysql","28","18.92","495.9MiB / 1GiB"
"2026-09-05T22:43:29.7412543+09:00","redis-down","1","mysql","29","30.01","496MiB / 1GiB"
"2026-09-05T22:43:00.7412543+09:00","redis-down","1","redis","0","0","0B / 0B"
"2026-09-05T22:43:01.7412543+09:00","redis-down","1","redis","1","0","0B / 0B"
"2026-09-05T22:43:02.7412543+09:00","redis-down","1","redis","2","0","0B / 0B"
"2026-09-05T22:43:03.7412543+09:00","redis-down","1","redis","3","0","0B / 0B"
"2026-09-05T22:43:04.7412543+09:00","redis-down","1","redis","4","0","0B / 0B"
"2026-09-05T22:43:05.7412543+09:00","redis-down","1","redis","5","0","0B / 0B"
"2026-09-05T22:43:06.7412543+09:00","redis-down","1","redis","6","0","0B / 0B"
"2026-09-05T22:43:07.7412543+09:00","redis-down","1","redis","7","0","0B / 0B"
"2026-09-05T22:43:08.7412543+09:00","redis-down","1","redis","8","0","0B / 0B"
"2026-09-05T22:43:09.7412543+09:00","redis-down","1","redis","9","0","0B / 0B"
"2026-09-05T22:43:10.7412543+09:00","redis-down","1","redis","10","0","0B / 0B"
"2026-09-05T22:43:11.7412543+09:00","redis-down","1","redis","11","0","0B / 0B"
"2026-09-05T22:43:12.7412543+09:00","redis-down","1","redis","12","0","0B / 0B"
"2026-09-05T22:43:13.7412543+09:00","redis-down","1","redis","13","0","0B / 0B"
"2026-09-05T22:43:14.7412543+09:00","redis-down","1","redis","14","0","0B / 0B"
"2026-09-05T22:43:15.7412543+09:00","redis-down","1","redis","15","0","0B / 0B"
"2026-09-05T22:43:16.7412543+09:00","redis-down","1","redis","16","0","0B / 0B"
"2026-09-05T22:43:17.7412543+09:00","redis-down","1","redis","17","0","0B / 0B"
"2026-09-05T22:43:18.7412543+09:00","redis-down","1","redis","18","0","0B / 0B"
"2026-09-05T22:43:19.7412543+09:00","redis-down","1","redis","19","0","0B / 0B"
"2026-09-05T22:43:20.7412543+09:00","redis-down","1","redis","20","0","0B / 0B"
"2026-09-05T22:43:21.7412543+09:00","redis-down","1","redis","21","0","0B / 0B"
"2026-09-05T22:43:22.7412543+09:00","redis-down","1","redis","22","0","0B / 0B"
"2026-09-05T22:43:23.7412543+09:00","redis-down","1","redis","23","0","0B / 0B"
"2026-09-05T22:43:24.7412543+09:00","redis-down","1","redis","24","0","0B / 0B"
"2026-09-05T22:43:25.7412543+09:00","redis-down","1","redis","25","0","0B / 0B"
"2026-09-05T22:43:26.7412543+09:00","redis-down","1","redis","26","0","0B / 0B"
"2026-09-05T22:43:27.7412543+09:00","redis-down","1","redis","27","0","0B / 0B"
"2026-09-05T22:43:28.7412543+09:00","redis-down","1","redis","28","0","0B / 0B"
"2026-09-05T22:43:29.7412543+09:00","redis-down","1","redis","29","0","0B / 0B"
"2026-09-05T22:45:27.2693374+09:00","redis-timeout","1","app","0","0.79","368.1MiB / 512MiB"
"2026-09-05T22:45:28.2693374+09:00","redis-timeout","1","app","1","67.83","369.3MiB / 512MiB"
"2026-09-05T22:45:29.2693374+09:00","redis-timeout","1","app","2","98.89","369.8MiB / 512MiB"
"2026-09-05T22:45:30.2693374+09:00","redis-timeout","1","app","3","97.54","367.2MiB / 512MiB"
"2026-09-05T22:45:31.2693374+09:00","redis-timeout","1","app","4","96.43","368.3MiB / 512MiB"
"2026-09-05T22:45:32.2693374+09:00","redis-timeout","1","app","5","97.95","368.9MiB / 512MiB"
"2026-09-05T22:45:33.2693374+09:00","redis-timeout","1","app","6","96.83","371.6MiB / 512MiB"
"2026-09-05T22:45:34.2693374+09:00","redis-timeout","1","app","7","96.57","371.6MiB / 512MiB"
"2026-09-05T22:45:35.2693374+09:00","redis-timeout","1","app","8","113.8","376.4MiB / 512MiB"
"2026-09-05T22:45:36.2693374+09:00","redis-timeout","1","app","9","100.07","376.8MiB / 512MiB"
"2026-09-05T22:45:37.2693374+09:00","redis-timeout","1","app","10","103.69","377.8MiB / 512MiB"
"2026-09-05T22:45:38.2693374+09:00","redis-timeout","1","app","11","101.64","379.1MiB / 512MiB"
"2026-09-05T22:45:39.2693374+09:00","redis-timeout","1","app","12","98.75","379.6MiB / 512MiB"
"2026-09-05T22:45:40.2693374+09:00","redis-timeout","1","app","13","97.18","379.8MiB / 512MiB"
"2026-09-05T22:45:41.2693374+09:00","redis-timeout","1","app","14","96.19","381MiB / 512MiB"
"2026-09-05T22:45:42.2693374+09:00","redis-timeout","1","app","15","98.69","381.4MiB / 512MiB"
"2026-09-05T22:45:43.2693374+09:00","redis-timeout","1","app","16","101.56","381.7MiB / 512MiB"
"2026-09-05T22:45:44.2693374+09:00","redis-timeout","1","app","17","103.81","381.9MiB / 512MiB"
"2026-09-05T22:45:45.2693374+09:00","redis-timeout","1","app","18","99.99","382.4MiB / 512MiB"
"2026-09-05T22:45:46.2693374+09:00","redis-timeout","1","app","19","98.6","382.8MiB / 512MiB"
"2026-09-05T22:45:47.2693374+09:00","redis-timeout","1","app","20","98.44","383.1MiB / 512MiB"
"2026-09-05T22:45:48.2693374+09:00","redis-timeout","1","app","21","103.07","383MiB / 512MiB"
"2026-09-05T22:45:49.2693374+09:00","redis-timeout","1","app","22","104.6","383.4MiB / 512MiB"
"2026-09-05T22:45:50.2693374+09:00","redis-timeout","1","app","23","104.68","383.9MiB / 512MiB"
"2026-09-05T22:45:51.2693374+09:00","redis-timeout","1","app","24","96.23","384.1MiB / 512MiB"
"2026-09-05T22:45:52.2693374+09:00","redis-timeout","1","app","25","104.5","384.9MiB / 512MiB"
"2026-09-05T22:45:53.2693374+09:00","redis-timeout","1","app","26","98.84","385MiB / 512MiB"
"2026-09-05T22:45:54.2693374+09:00","redis-timeout","1","app","27","98.1","385.3MiB / 512MiB"
"2026-09-05T22:45:55.2693374+09:00","redis-timeout","1","app","28","99.13","384.9MiB / 512MiB"
"2026-09-05T22:45:56.2693374+09:00","redis-timeout","1","app","29","98.77","385.3MiB / 512MiB"
"2026-09-05T22:45:27.2693374+09:00","redis-timeout","1","mysql","0","4.31","501.7MiB / 1GiB"
"2026-09-05T22:45:28.2693374+09:00","redis-timeout","1","mysql","1","6.59","502.4MiB / 1GiB"
"2026-09-05T22:45:29.2693374+09:00","redis-timeout","1","mysql","2","10.6","503.1MiB / 1GiB"
"2026-09-05T22:45:30.2693374+09:00","redis-timeout","1","mysql","3","15.08","502.2MiB / 1GiB"
"2026-09-05T22:45:31.2693374+09:00","redis-timeout","1","mysql","4","11.2","502.5MiB / 1GiB"
"2026-09-05T22:45:32.2693374+09:00","redis-timeout","1","mysql","5","12.04","502.6MiB / 1GiB"
"2026-09-05T22:45:33.2693374+09:00","redis-timeout","1","mysql","6","11.85","503.2MiB / 1GiB"
"2026-09-05T22:45:34.2693374+09:00","redis-timeout","1","mysql","7","12.83","503.4MiB / 1GiB"
"2026-09-05T22:45:35.2693374+09:00","redis-timeout","1","mysql","8","18.29","502.3MiB / 1GiB"
"2026-09-05T22:45:36.2693374+09:00","redis-timeout","1","mysql","9","16.46","502.6MiB / 1GiB"
"2026-09-05T22:45:37.2693374+09:00","redis-timeout","1","mysql","10","18.68","503.6MiB / 1GiB"
"2026-09-05T22:45:38.2693374+09:00","redis-timeout","1","mysql","11","11.98","502.9MiB / 1GiB"
"2026-09-05T22:45:39.2693374+09:00","redis-timeout","1","mysql","12","14.94","503.2MiB / 1GiB"
"2026-09-05T22:45:40.2693374+09:00","redis-timeout","1","mysql","13","13.49","502.6MiB / 1GiB"
"2026-09-05T22:45:41.2693374+09:00","redis-timeout","1","mysql","14","13.31","503.2MiB / 1GiB"
"2026-09-05T22:45:42.2693374+09:00","redis-timeout","1","mysql","15","13.01","502.9MiB / 1GiB"
"2026-09-05T22:45:43.2693374+09:00","redis-timeout","1","mysql","16","14.81","502.9MiB / 1GiB"
"2026-09-05T22:45:44.2693374+09:00","redis-timeout","1","mysql","17","19.48","502.8MiB / 1GiB"
"2026-09-05T22:45:45.2693374+09:00","redis-timeout","1","mysql","18","12.95","503MiB / 1GiB"
"2026-09-05T22:45:46.2693374+09:00","redis-timeout","1","mysql","19","15.63","502.8MiB / 1GiB"
"2026-09-05T22:45:47.2693374+09:00","redis-timeout","1","mysql","20","10.42","502.4MiB / 1GiB"
"2026-09-05T22:45:48.2693374+09:00","redis-timeout","1","mysql","21","17.49","502.8MiB / 1GiB"
"2026-09-05T22:45:49.2693374+09:00","redis-timeout","1","mysql","22","14.73","502.3MiB / 1GiB"
"2026-09-05T22:45:50.2693374+09:00","redis-timeout","1","mysql","23","14.38","502.3MiB / 1GiB"
"2026-09-05T22:45:51.2693374+09:00","redis-timeout","1","mysql","24","15.15","502.4MiB / 1GiB"
"2026-09-05T22:45:52.2693374+09:00","redis-timeout","1","mysql","25","13.5","503.1MiB / 1GiB"
"2026-09-05T22:45:53.2693374+09:00","redis-timeout","1","mysql","26","18.77","502.9MiB / 1GiB"
"2026-09-05T22:45:54.2693374+09:00","redis-timeout","1","mysql","27","13.83","502.4MiB / 1GiB"
"2026-09-05T22:45:55.2693374+09:00","redis-timeout","1","mysql","28","11.96","502.5MiB / 1GiB"
"2026-09-05T22:45:56.2693374+09:00","redis-timeout","1","mysql","29","18.57","502.6MiB / 1GiB"
"2026-09-05T22:45:27.2693374+09:00","redis-timeout","1","redis","0","0.06","7.703MiB / 256MiB"
"2026-09-05T22:45:28.2693374+09:00","redis-timeout","1","redis","1","1.29","8.441MiB / 256MiB"
"2026-09-05T22:45:29.2693374+09:00","redis-timeout","1","redis","2","1.84","7.93MiB / 256MiB"
"2026-09-05T22:45:30.2693374+09:00","redis-timeout","1","redis","3","2.52","8.527MiB / 256MiB"
"2026-09-05T22:45:31.2693374+09:00","redis-timeout","1","redis","4","1.53","8.52MiB / 256MiB"
"2026-09-05T22:45:32.2693374+09:00","redis-timeout","1","redis","5","2.06","8.02MiB / 256MiB"
"2026-09-05T22:45:33.2693374+09:00","redis-timeout","1","redis","6","1.69","8.344MiB / 256MiB"
"2026-09-05T22:45:34.2693374+09:00","redis-timeout","1","redis","7","2.22","8.574MiB / 256MiB"
"2026-09-05T22:45:35.2693374+09:00","redis-timeout","1","redis","8","1.27","8.613MiB / 256MiB"
"2026-09-05T22:45:36.2693374+09:00","redis-timeout","1","redis","9","2.99","8.734MiB / 256MiB"
"2026-09-05T22:45:37.2693374+09:00","redis-timeout","1","redis","10","2.68","8.613MiB / 256MiB"
"2026-09-05T22:45:38.2693374+09:00","redis-timeout","1","redis","11","1.42","8.828MiB / 256MiB"
"2026-09-05T22:45:39.2693374+09:00","redis-timeout","1","redis","12","2.93","8.523MiB / 256MiB"
"2026-09-05T22:45:40.2693374+09:00","redis-timeout","1","redis","13","1.82","8.68MiB / 256MiB"
"2026-09-05T22:45:41.2693374+09:00","redis-timeout","1","redis","14","1.95","8.09MiB / 256MiB"
"2026-09-05T22:45:42.2693374+09:00","redis-timeout","1","redis","15","2.12","7.926MiB / 256MiB"
"2026-09-05T22:45:43.2693374+09:00","redis-timeout","1","redis","16","1.98","8.141MiB / 256MiB"
"2026-09-05T22:45:44.2693374+09:00","redis-timeout","1","redis","17","3","8.273MiB / 256MiB"
"2026-09-05T22:45:45.2693374+09:00","redis-timeout","1","redis","18","1.6","8.258MiB / 256MiB"
"2026-09-05T22:45:46.2693374+09:00","redis-timeout","1","redis","19","2.47","8.395MiB / 256MiB"
"2026-09-05T22:45:47.2693374+09:00","redis-timeout","1","redis","20","2.17","7.641MiB / 256MiB"
"2026-09-05T22:45:48.2693374+09:00","redis-timeout","1","redis","21","1.73","7.562MiB / 256MiB"
"2026-09-05T22:45:49.2693374+09:00","redis-timeout","1","redis","22","1.38","7.59MiB / 256MiB"
"2026-09-05T22:45:50.2693374+09:00","redis-timeout","1","redis","23","3.28","7.973MiB / 256MiB"
"2026-09-05T22:45:51.2693374+09:00","redis-timeout","1","redis","24","1.58","8.391MiB / 256MiB"
"2026-09-05T22:45:52.2693374+09:00","redis-timeout","1","redis","25","1.95","8.117MiB / 256MiB"
"2026-09-05T22:45:53.2693374+09:00","redis-timeout","1","redis","26","2.72","8.848MiB / 256MiB"
"2026-09-05T22:45:54.2693374+09:00","redis-timeout","1","redis","27","2.73","8.344MiB / 256MiB"
"2026-09-05T22:45:55.2693374+09:00","redis-timeout","1","redis","28","1.53","8.562MiB / 256MiB"
"2026-09-05T22:45:56.2693374+09:00","redis-timeout","1","redis","29","1.65","8.84MiB / 256MiB"
